timestamp,motor_current_A,wheel_rpm,imu_accel_g,battery_soc,temp_motor_C
2026-08-24T22:00:00,2.100,119.9,1.0012,0.9500,35.0
2026-08-24T22:00:01,2.114,119.2,0.9980,0.9500,34.9
2026-08-24T22:00:02,2.094,120.5,1.0015,0.9499,34.9
2026-08-24T22:00:03,2.102,120.9,1.0009,0.9499,35.0
2026-08-24T22:00:04,2.145,119.5,0.9942,0.9499,35.0
2026-08-24T22:00:05,2.143,120.1,0.9996,0.9499,35.0
2026-08-24T22:00:06,2.154,121.2,1.0011,0.9499,35.0
2026-08-24T22:00:07,2.147,120.9,0.9928,0.9498,35.1
2026-08-24T22:00:08,2.159,121.0,0.9909,0.9498,35.1
2026-08-24T22:00:09,2.133,119.9,0.9990,0.9498,35.1
2026-08-24T22:00:10,2.158,121.5,1.0084,0.9498,35.1
2026-08-24T22:00:11,2.168,119.8,1.0027,0.9498,35.1
2026-08-24T22:00:12,2.155,120.3,0.9966,0.9497,35.1
2026-08-24T22:00:13,2.181,121.1,1.0029,0.9497,35.1
2026-08-24T22:00:14,2.183,121.7,1.0100,0.9497,35.2
2026-08-24T22:00:15,2.193,120.3,0.9936,0.9497,35.3
2026-08-24T22:00:16,2.204,120.8,1.0098,0.9497,35.2
2026-08-24T22:00:17,2.210,121.3,1.0035,0.9496,35.2
2026-08-24T22:00:18,2.203,121.8,0.9959,0.9496,35.2
2026-08-24T22:00:19,2.233,121.0,0.9901,0.9496,35.1
2026-08-24T22:00:20,2.227,120.9,1.0091,0.9496,35.1
2026-08-24T22:00:21,2.199,120.7,0.9956,0.9496,35.1
2026-08-24T22:00:22,2.225,121.0,0.9981,0.9495,35.1
2026-08-24T22:00:23,2.233,120.9,1.0072,0.9495,35.1
2026-08-24T22:00:24,2.220,122.7,0.9997,0.9495,35.2
2026-08-24T22:00:25,2.243,121.8,0.9905,0.9495,35.2
2026-08-24T22:00:26,2.224,121.8,0.9932,0.9495,35.2
2026-08-24T22:00:27,2.242,122.4,0.9961,0.9494,35.2
2026-08-24T22:00:28,2.274,122.9,1.0011,0.9494,35.3
2026-08-24T22:00:29,2.247,122.1,1.0098,0.9494,35.3
2026-08-24T22:00:30,2.250,122.7,0.9952,0.9494,35.3
2026-08-24T22:00:31,2.256,122.6,0.9987,0.9494,35.3
2026-08-24T22:00:32,2.264,121.4,1.0071,0.9493,35.3
2026-08-24T22:00:33,2.271,122.5,0.9988,0.9493,35.3
2026-08-24T22:00:34,2.276,122.4,1.0026,0.9493,35.3
2026-08-24T22:00:35,2.284,122.5,0.9957,0.9493,35.4
2026-08-24T22:00:36,2.274,122.4,1.0016,0.9493,35.5
2026-08-24T22:00:37,2.305,123.4,0.9962,0.9492,35.5
2026-08-24T22:00:38,2.319,122.2,0.9956,0.9492,35.5
2026-08-24T22:00:39,2.292,122.6,1.0011,0.9492,35.6
2026-08-24T22:00:40,2.335,123.5,1.0030,0.9492,35.6
2026-08-24T22:00:41,2.305,123.0,1.0005,0.9492,35.7
2026-08-24T22:00:42,2.326,123.1,0.9960,0.9491,35.7
2026-08-24T22:00:43,2.306,122.8,0.9960,0.9491,35.8
2026-08-24T22:00:44,2.343,122.6,1.0066,0.9491,35.8
2026-08-24T22:00:45,2.350,123.2,0.9984,0.9491,35.8
2026-08-24T22:00:46,2.327,123.8,1.0011,0.9491,35.9
2026-08-24T22:00:47,2.319,122.5,1.0040,0.9490,35.9
2026-08-24T22:00:48,2.352,122.7,0.9957,0.9490,35.9
2026-08-24T22:00:49,2.341,124.2,1.0003,0.9490,36.0
2026-08-24T22:00:50,2.349,122.6,1.0092,0.9490,36.0
2026-08-24T22:00:51,2.360,124.3,0.9958,0.9490,36.0
2026-08-24T22:00:52,2.383,123.7,0.9952,0.9489,36.0
2026-08-24T22:00:53,2.378,124.1,0.9957,0.9489,36.0
2026-08-24T22:00:54,2.378,123.9,0.9918,0.9489,36.1
2026-08-24T22:00:55,2.345,124.7,1.0006,0.9489,36.1
2026-08-24T22:00:56,2.378,124.2,0.9997,0.9489,36.2
2026-08-24T22:00:57,2.390,124.7,1.0016,0.9488,36.2
2026-08-24T22:00:58,2.394,123.8,1.0075,0.9488,36.2
2026-08-24T22:00:59,2.373,124.5,0.9974,0.9488,36.2
2026-08-24T22:01:00,2.404,123.7,0.9968,0.9488,36.3
2026-08-24T22:01:01,2.387,123.5,0.9950,0.9488,36.3
2026-08-24T22:01:02,2.383,123.1,1.0033,0.9487,36.3
2026-08-24T22:01:03,2.400,124.7,0.9904,0.9487,36.3
2026-08-24T22:01:04,2.364,124.9,0.9976,0.9487,36.3
2026-08-24T22:01:05,2.379,124.8,0.9950,0.9487,36.4
2026-08-24T22:01:06,2.397,124.1,0.9994,0.9487,36.4
2026-08-24T22:01:07,2.381,123.6,0.9938,0.9486,36.5
2026-08-24T22:01:08,2.381,124.4,1.0044,0.9486,36.5
2026-08-24T22:01:09,2.391,123.5,0.9951,0.9486,36.6
2026-08-24T22:01:10,2.416,125.0,1.0017,0.9486,36.6
2026-08-24T22:01:11,2.384,124.8,0.9951,0.9486,36.7
2026-08-24T22:01:12,2.385,124.0,1.0090,0.9485,36.7
2026-08-24T22:01:13,2.386,124.9,0.9913,0.9485,36.7
2026-08-24T22:01:14,2.392,125.0,1.0028,0.9485,36.7
2026-08-24T22:01:15,2.422,123.8,0.9964,0.9485,36.7
2026-08-24T22:01:16,2.379,124.7,1.0055,0.9485,36.7
2026-08-24T22:01:17,2.415,124.2,1.0068,0.9484,36.8
2026-08-24T22:01:18,2.394,125.3,1.0076,0.9484,36.8
2026-08-24T22:01:19,2.395,124.9,1.0065,0.9484,36.8
2026-08-24T22:01:20,2.401,124.5,0.9935,0.9484,36.8
2026-08-24T22:01:21,2.399,125.0,0.9907,0.9484,36.9
2026-08-24T22:01:22,2.379,124.7,1.0059,0.9483,37.0
2026-08-24T22:01:23,2.411,125.5,0.9962,0.9483,37.0
2026-08-24T22:01:24,2.406,125.0,1.0079,0.9483,37.0
2026-08-24T22:01:25,2.412,125.4,0.9934,0.9483,37.1
2026-08-24T22:01:26,2.419,125.8,1.0094,0.9483,37.1
2026-08-24T22:01:27,2.390,125.4,1.0055,0.9482,37.1
2026-08-24T22:01:28,2.402,125.6,1.0012,0.9482,37.2
2026-08-24T22:01:29,2.408,125.4,1.0060,0.9482,37.2
2026-08-24T22:01:30,2.378,125.1,1.0087,0.9482,37.2
2026-08-24T22:01:31,2.392,125.7,1.0067,0.9482,37.3
2026-08-24T22:01:32,2.404,125.0,1.0040,0.9481,37.4
2026-08-24T22:01:33,2.363,124.0,0.9915,0.9481,37.4
2026-08-24T22:01:34,2.406,124.8,1.0069,0.9481,37.5
2026-08-24T22:01:35,2.392,125.2,1.0028,0.9481,37.5
2026-08-24T22:01:36,2.368,124.0,0.9904,0.9481,37.5
2026-08-24T22:01:37,2.362,125.2,1.0076,0.9480,37.5
2026-08-24T22:01:38,2.389,125.9,1.0050,0.9480,37.5
2026-08-24T22:01:39,2.394,125.1,1.0046,0.9480,37.5
2026-08-24T22:01:40,2.397,124.3,0.9900,0.9480,37.5
2026-08-24T22:01:41,2.368,125.5,1.0003,0.9480,37.5
2026-08-24T22:01:42,2.362,125.8,0.9993,0.9479,37.5
2026-08-24T22:01:43,2.376,124.5,1.0015,0.9479,37.5
2026-08-24T22:01:44,2.387,125.5,0.9934,0.9479,37.6
2026-08-24T22:01:45,2.344,124.9,0.9993,0.9479,37.5
2026-08-24T22:01:46,2.332,125.9,0.9943,0.9479,37.6
2026-08-24T22:01:47,2.368,124.9,1.0055,0.9478,37.6
2026-08-24T22:01:48,2.352,125.2,0.9914,0.9478,37.6
2026-08-24T22:01:49,2.324,124.2,1.0086,0.9478,37.6
2026-08-24T22:01:50,2.336,126.0,1.0092,0.9478,37.7
2026-08-24T22:01:51,2.338,125.2,0.9994,0.9478,37.7
2026-08-24T22:01:52,2.346,125.6,0.9981,0.9478,37.7
2026-08-24T22:01:53,2.316,124.5,1.0023,0.9477,37.7
2026-08-24T22:01:54,2.315,124.2,0.9963,0.9477,37.7
2026-08-24T22:01:55,2.327,124.5,1.0007,0.9477,37.8
2026-08-24T22:01:56,2.334,124.4,1.0002,0.9477,37.7
2026-08-24T22:01:57,2.322,124.4,1.0027,0.9477,37.7
2026-08-24T22:01:58,2.335,125.7,0.9993,0.9476,37.8
2026-08-24T22:01:59,2.318,125.1,1.0018,0.9476,37.8
2026-08-24T22:02:00,2.282,124.0,0.9973,0.9476,37.8
2026-08-24T22:02:01,2.299,124.0,0.9970,0.9476,37.8
2026-08-24T22:02:02,2.286,124.1,1.0015,0.9476,37.9
2026-08-24T22:02:03,2.307,124.7,1.0027,0.9475,37.9
2026-08-24T22:02:04,2.298,125.2,1.0044,0.9475,37.9
2026-08-24T22:02:05,2.294,125.1,1.0053,0.9475,37.9
2026-08-24T22:02:06,2.299,125.6,0.9906,0.9475,37.9
2026-08-24T22:02:07,2.277,124.5,1.0024,0.9475,37.8
2026-08-24T22:02:08,2.275,124.6,1.0014,0.9474,37.8
2026-08-24T22:02:09,2.280,124.2,0.9959,0.9474,37.9
2026-08-24T22:02:10,2.232,123.9,0.9992,0.9474,37.9
2026-08-24T22:02:11,2.249,125.2,1.0025,0.9474,37.9
2026-08-24T22:02:12,2.222,124.8,1.0029,0.9474,37.9
2026-08-24T22:02:13,2.251,123.6,0.9956,0.9473,37.9
2026-08-24T22:02:14,2.221,124.4,0.9921,0.9473,37.9
2026-08-24T22:02:15,2.207,123.7,1.0080,0.9473,37.9
2026-08-24T22:02:16,2.222,123.9,0.9902,0.9473,37.9
2026-08-24T22:02:17,2.235,124.2,1.0098,0.9473,37.9
2026-08-24T22:02:18,2.199,124.0,1.0056,0.9472,37.9
2026-08-24T22:02:19,2.205,123.6,1.0077,0.9472,37.9
2026-08-24T22:02:20,2.206,124.1,1.0019,0.9472,37.9
2026-08-24T22:02:21,2.173,123.6,1.0078,0.9472,37.9
2026-08-24T22:02:22,2.181,123.8,1.0024,0.9472,38.0
2026-08-24T22:02:23,2.187,124.1,1.0030,0.9471,38.0
2026-08-24T22:02:24,2.171,123.4,1.0086,0.9471,37.9
2026-08-24T22:02:25,2.170,124.4,0.9917,0.9471,37.9
2026-08-24T22:02:26,2.155,125.0,1.0090,0.9471,37.9
2026-08-24T22:02:27,2.164,123.6,1.0028,0.9471,37.9
2026-08-24T22:02:28,2.177,124.3,1.0053,0.9470,37.8
2026-08-24T22:02:29,2.134,123.7,1.0014,0.9470,37.8
2026-08-24T22:02:30,2.163,123.0,1.0018,0.9470,37.8
2026-08-24T22:02:31,2.126,124.0,0.9997,0.9470,37.8
2026-08-24T22:02:32,2.152,123.4,1.0058,0.9470,37.8
2026-08-24T22:02:33,2.136,123.9,0.9983,0.9469,37.7
2026-08-24T22:02:34,2.097,124.0,0.9983,0.9469,37.7
2026-08-24T22:02:35,2.103,124.0,0.9928,0.9469,37.6
2026-08-24T22:02:36,2.110,122.6,1.0005,0.9469,37.6
2026-08-24T22:02:37,2.085,124.2,1.0028,0.9469,37.6
2026-08-24T22:02:38,2.104,122.9,0.9993,0.9468,37.6
2026-08-24T22:02:39,2.103,123.6,0.9982,0.9468,37.6
2026-08-24T22:02:40,2.085,124.3,0.9937,0.9468,37.6
2026-08-24T22:02:41,2.061,123.4,1.0043,0.9468,37.6
2026-08-24T22:02:42,2.078,124.2,0.9961,0.9468,37.5
2026-08-24T22:02:43,2.054,123.1,1.0033,0.9467,37.5
2026-08-24T22:02:44,2.035,122.9,0.9997,0.9467,37.5
2026-08-24T22:02:45,2.060,123.9,0.9990,0.9467,37.5
2026-08-24T22:02:46,2.056,123.1,1.0078,0.9467,37.5
2026-08-24T22:02:47,2.056,122.2,0.9921,0.9467,37.5
2026-08-24T22:02:48,2.043,122.0,0.9972,0.9466,37.5
2026-08-24T22:02:49,2.010,122.6,0.9992,0.9466,37.5
2026-08-24T22:02:50,2.008,123.5,1.0016,0.9466,37.4
2026-08-24T22:02:51,2.038,123.6,1.0044,0.9466,37.4
2026-08-24T22:02:52,2.014,122.8,1.0046,0.9466,37.5
2026-08-24T22:02:53,1.985,122.3,0.9972,0.9465,37.5
2026-08-24T22:02:54,2.001,121.7,0.9929,0.9465,37.5
2026-08-24T22:02:55,1.980,122.0,0.9955,0.9465,37.5
2026-08-24T22:02:56,1.968,122.3,0.9900,0.9465,37.4
2026-08-24T22:02:57,1.979,122.7,0.9927,0.9465,37.5
2026-08-24T22:02:58,1.997,122.3,0.9929,0.9464,37.4
2026-08-24T22:02:59,1.993,123.0,1.0045,0.9464,37.4
2026-08-24T22:03:00,1.975,122.4,1.0096,0.9464,37.4
2026-08-24T22:03:01,1.941,121.6,1.0091,0.9464,37.5
2026-08-24T22:03:02,1.962,122.2,0.9934,0.9464,37.5
2026-08-24T22:03:03,1.973,122.5,0.9963,0.9463,37.5
2026-08-24T22:03:04,1.946,122.0,1.0000,0.9463,37.5
2026-08-24T22:03:05,1.948,122.1,0.9953,0.9463,37.5
2026-08-24T22:03:06,1.957,121.7,1.0085,0.9463,37.5
2026-08-24T22:03:07,1.909,121.7,1.0035,0.9463,37.5
2026-08-24T22:03:08,1.914,121.2,1.0076,0.9463,37.5
2026-08-24T22:03:09,1.916,121.6,1.0079,0.9462,37.5
2026-08-24T22:03:10,1.914,122.1,0.9923,0.9462,37.6
2026-08-24T22:03:11,1.893,120.8,0.9968,0.9462,37.6
2026-08-24T22:03:12,1.908,121.2,0.9965,0.9462,37.6
2026-08-24T22:03:13,1.882,120.4,1.0063,0.9462,37.6
2026-08-24T22:03:14,1.902,121.6,0.9953,0.9461,37.6
2026-08-24T22:03:15,1.911,121.0,1.0020,0.9461,37.6
2026-08-24T22:03:16,1.880,121.6,1.0006,0.9461,37.6
2026-08-24T22:03:17,1.884,120.6,1.0019,0.9461,37.6
2026-08-24T22:03:18,1.860,120.5,0.9943,0.9460,37.6
2026-08-24T22:03:19,1.866,120.3,1.0044,0.9460,37.6
2026-08-24T22:03:20,1.861,120.0,0.9947,0.9460,37.5
2026-08-24T22:03:21,1.872,120.8,0.9923,0.9460,37.6
2026-08-24T22:03:22,1.846,120.2,1.0098,0.9460,37.6
2026-08-24T22:03:23,1.859,120.5,0.9982,0.9460,37.6
2026-08-24T22:03:24,1.865,121.2,0.9961,0.9459,37.7
2026-08-24T22:03:25,1.860,121.1,0.9992,0.9459,37.6
2026-08-24T22:03:26,1.844,119.3,0.9994,0.9459,37.7
2026-08-24T22:03:27,1.851,120.3,1.0045,0.9459,37.7
2026-08-24T22:03:28,1.838,120.2,1.0055,0.9459,37.7
2026-08-24T22:03:29,1.826,120.1,1.0015,0.9458,37.7
2026-08-24T22:03:30,1.819,120.7,1.0046,0.9458,37.7
2026-08-24T22:03:31,1.818,120.4,0.9997,0.9458,37.8
2026-08-24T22:03:32,1.830,120.3,1.0072,0.9458,37.8
2026-08-24T22:03:33,1.835,119.3,0.9939,0.9458,37.8
2026-08-24T22:03:34,1.847,119.2,1.0001,0.9457,37.8
2026-08-24T22:03:35,1.823,120.1,0.9973,0.9457,37.8
2026-08-24T22:03:36,1.842,119.4,0.9922,0.9457,37.8
2026-08-24T22:03:37,1.804,120.1,1.0063,0.9457,37.8
2026-08-24T22:03:38,1.807,120.2,0.9955,0.9457,37.7
2026-08-24T22:03:39,1.803,118.5,0.9998,0.9456,37.8
2026-08-24T22:03:40,1.798,118.3,0.9964,0.9456,37.8
2026-08-24T22:03:41,1.822,118.6,1.0099,0.9456,37.8
2026-08-24T22:03:42,1.787,118.3,0.9949,0.9456,37.8
2026-08-24T22:03:43,1.833,119.7,1.0018,0.9456,37.9
2026-08-24T22:03:44,1.794,118.9,1.0093,0.9455,37.9
2026-08-24T22:03:45,1.786,119.1,0.9909,0.9455,37.9
2026-08-24T22:03:46,1.797,118.8,1.0100,0.9455,37.9
2026-08-24T22:03:47,1.819,118.8,1.0031,0.9455,38.0
2026-08-24T22:03:48,1.779,117.9,1.0040,0.9455,38.0
2026-08-24T22:03:49,1.827,118.8,1.0090,0.9454,38.0
2026-08-24T22:03:50,1.819,118.0,0.9984,0.9454,38.0
2026-08-24T22:03:51,1.781,119.0,1.0016,0.9454,38.0
2026-08-24T22:03:52,1.795,118.4,1.0077,0.9454,38.1
2026-08-24T22:03:53,1.806,119.2,0.9943,0.9453,38.1
2026-08-24T22:03:54,1.802,118.4,0.9901,0.9453,38.1
2026-08-24T22:03:55,1.789,118.9,0.9936,0.9453,38.0
2026-08-24T22:03:56,1.798,118.3,0.9998,0.9453,38.0
2026-08-24T22:03:57,1.811,117.7,1.0020,0.9453,38.0
2026-08-24T22:03:58,1.824,117.0,0.9962,0.9452,38.0
2026-08-24T22:03:59,1.790,117.2,1.0066,0.9452,38.1
2026-08-24T22:04:00,1.812,118.1,0.9959,0.9452,38.1
2026-08-24T22:04:01,1.823,118.1,0.9950,0.9452,38.1
2026-08-24T22:04:02,1.786,118.5,0.9961,0.9452,38.2
2026-08-24T22:04:03,1.812,117.3,0.9978,0.9451,38.2
2026-08-24T22:04:04,1.806,118.2,1.0078,0.9451,38.3
2026-08-24T22:04:05,1.811,118.3,0.9961,0.9451,38.3
2026-08-24T22:04:06,1.803,117.6,1.0030,0.9451,38.3
2026-08-24T22:04:07,1.801,116.4,1.0002,0.9451,38.3
2026-08-24T22:04:08,1.823,116.6,1.0028,0.9451,38.3
2026-08-24T22:04:09,1.809,117.1,0.9918,0.9450,38.3
2026-08-24T22:04:10,1.820,117.1,1.0059,0.9450,38.4
2026-08-24T22:04:11,1.813,118.0,1.0042,0.9450,38.4
2026-08-24T22:04:12,1.819,117.1,1.0068,0.9450,38.4
2026-08-24T22:04:13,1.826,117.3,1.0074,0.9450,38.4
2026-08-24T22:04:14,1.822,117.0,0.9926,0.9449,38.5
2026-08-24T22:04:15,1.845,116.3,1.0011,0.9449,38.5
2026-08-24T22:04:16,1.843,117.4,0.9975,0.9449,38.5
2026-08-24T22:04:17,1.820,117.6,1.0001,0.9449,38.5
2026-08-24T22:04:18,1.821,117.2,0.9941,0.9449,38.5
2026-08-24T22:04:19,1.829,116.2,0.9917,0.9448,38.5
2026-08-24T22:04:20,1.813,116.4,1.0044,0.9448,38.6
2026-08-24T22:04:21,1.843,115.6,0.9950,0.9448,38.6
2026-08-24T22:04:22,1.853,116.6,0.9935,0.9448,38.6
2026-08-24T22:04:23,1.831,116.4,0.9949,0.9448,38.6
2026-08-24T22:04:24,1.832,116.7,1.0068,0.9447,38.6
2026-08-24T22:04:25,1.872,115.5,1.0026,0.9447,38.6
2026-08-24T22:04:26,1.864,117.0,1.0071,0.9447,38.6
2026-08-24T22:04:27,1.848,116.6,1.0015,0.9447,38.6
2026-08-24T22:04:28,1.851,117.1,1.0095,0.9447,38.6
2026-08-24T22:04:29,1.871,115.7,0.9931,0.9446,38.6
2026-08-24T22:04:30,1.890,116.3,0.9960,0.9446,38.6
2026-08-24T22:04:31,1.847,115.6,0.9928,0.9446,38.6
2026-08-24T22:04:32,1.898,116.6,0.9910,0.9446,38.6
2026-08-24T22:04:33,1.860,116.1,1.0035,0.9445,38.6
2026-08-24T22:04:34,1.885,115.4,0.9949,0.9445,38.6
2026-08-24T22:04:35,1.906,115.0,0.9958,0.9445,38.6
2026-08-24T22:04:36,1.906,114.8,1.0009,0.9445,38.6
2026-08-24T22:04:37,1.889,116.7,1.0040,0.9445,38.6
2026-08-24T22:04:38,1.925,116.3,0.9937,0.9444,38.6
2026-08-24T22:04:39,1.911,116.2,0.9971,0.9444,38.6
2026-08-24T22:04:40,1.934,115.3,0.9920,0.9444,38.6
2026-08-24T22:04:41,1.930,116.4,0.9923,0.9444,38.6
2026-08-24T22:04:42,1.937,115.3,0.9985,0.9444,38.6
2026-08-24T22:04:43,1.914,116.4,0.9947,0.9444,38.6
2026-08-24T22:04:44,1.925,114.7,1.0049,0.9443,38.6
2026-08-24T22:04:45,1.935,114.8,0.9921,0.9443,38.6
2026-08-24T22:04:46,1.942,114.7,1.0001,0.9443,38.5
2026-08-24T22:04:47,1.945,115.1,0.9994,0.9443,38.6
2026-08-24T22:04:48,1.931,114.6,1.0079,0.9442,38.5
2026-08-24T22:04:49,1.964,115.0,1.0076,0.9442,38.5
2026-08-24T22:04:50,1.974,116.3,1.0065,0.9442,38.5
2026-08-24T22:04:51,1.986,114.6,1.0047,0.9442,38.5
2026-08-24T22:04:52,1.986,115.7,0.9921,0.9442,38.5
2026-08-24T22:04:53,1.967,115.9,0.9944,0.9441,38.5
2026-08-24T22:04:54,1.980,115.2,1.0024,0.9441,38.6
2026-08-24T22:04:55,1.967,115.7,1.0054,0.9441,38.6
2026-08-24T22:04:56,2.002,115.7,0.9938,0.9441,38.6
2026-08-24T22:04:57,1.989,114.9,0.9934,0.9441,38.5
2026-08-24T22:04:58,1.981,116.0,0.9979,0.9440,38.5
2026-08-24T22:04:59,2.021,114.7,0.9946,0.9440,38.4
2026-08-24T22:05:00,2.035,116.0,0.9958,0.9440,38.4
2026-08-24T22:05:01,1.999,115.7,1.0053,0.9440,38.3
2026-08-24T22:05:02,2.025,114.2,1.0028,0.9440,38.3
2026-08-24T22:05:03,2.023,115.1,1.0001,0.9439,38.3
2026-08-24T22:05:04,2.033,114.8,1.0085,0.9439,38.3
2026-08-24T22:05:05,2.041,115.6,0.9975,0.9439,38.3
2026-08-24T22:05:06,2.041,116.0,1.0003,0.9439,38.2
2026-08-24T22:05:07,2.052,115.7,1.0056,0.9439,38.2
2026-08-24T22:05:08,2.055,115.6,0.9918,0.9438,38.1
2026-08-24T22:05:09,2.077,114.8,1.0070,0.9438,38.1
2026-08-24T22:05:10,2.086,115.8,1.0089,0.9438,38.1
2026-08-24T22:05:11,2.092,115.3,1.0099,0.9438,38.1
2026-08-24T22:05:12,2.065,115.2,1.0012,0.9438,38.0
2026-08-24T22:05:13,2.073,114.1,0.9951,0.9437,38.0
2026-08-24T22:05:14,2.121,114.5,0.9916,0.9437,38.0
2026-08-24T22:05:15,2.100,114.4,1.0067,0.9437,38.0
2026-08-24T22:05:16,2.115,114.9,0.9995,0.9437,38.0
2026-08-24T22:05:17,2.134,115.3,0.9953,0.9437,38.0
2026-08-24T22:05:18,2.140,114.3,1.0048,0.9436,38.0
2026-08-24T22:05:19,2.112,114.8,1.0019,0.9436,37.9
2026-08-24T22:05:20,2.141,114.6,0.9950,0.9436,37.9
2026-08-24T22:05:21,2.155,115.8,1.0095,0.9436,37.9
2026-08-24T22:05:22,2.131,114.9,0.9914,0.9436,37.8
2026-08-24T22:05:23,2.176,114.7,0.9939,0.9435,37.8
2026-08-24T22:05:24,2.140,114.4,1.0044,0.9435,37.8
2026-08-24T22:05:25,2.168,115.4,0.9939,0.9435,37.8
2026-08-24T22:05:26,2.176,115.9,0.9966,0.9435,37.8
2026-08-24T22:05:27,2.163,114.9,1.0045,0.9435,37.8
2026-08-24T22:05:28,2.170,114.4,1.0049,0.9434,37.8
2026-08-24T22:05:29,2.197,114.8,1.0074,0.9434,37.8
2026-08-24T22:05:30,2.180,115.0,1.0015,0.9434,37.7
2026-08-24T22:05:31,2.200,115.5,0.9917,0.9434,37.7
2026-08-24T22:05:32,2.206,114.6,1.0052,0.9434,37.8
2026-08-24T22:05:33,2.188,115.2,0.9918,0.9433,37.8
2026-08-24T22:05:34,2.201,115.3,0.9979,0.9433,37.8
2026-08-24T22:05:35,2.213,114.3,1.0084,0.9433,37.8
2026-08-24T22:05:36,2.224,115.7,0.9979,0.9433,37.8
2026-08-24T22:05:37,2.241,115.1,1.0070,0.9433,37.8
2026-08-24T22:05:38,2.239,115.7,0.9948,0.9432,37.8
2026-08-24T22:05:39,2.255,115.9,1.0074,0.9432,37.8
2026-08-24T22:05:40,2.239,115.3,1.0064,0.9432,37.7
2026-08-24T22:05:41,2.240,114.9,0.9909,0.9432,37.8
2026-08-24T22:05:42,2.279,114.7,1.0084,0.9432,37.8
2026-08-24T22:05:43,2.249,115.2,1.0041,0.9431,37.8
2026-08-24T22:05:44,2.255,116.3,1.0078,0.9431,37.8
2026-08-24T22:05:45,2.262,115.6,0.9962,0.9431,37.8
2026-08-24T22:05:46,2.258,116.3,1.0072,0.9431,37.8
2026-08-24T22:05:47,2.306,115.7,1.0092,0.9431,37.9
2026-08-24T22:05:48,2.291,115.8,1.0008,0.9430,37.9
2026-08-24T22:05:49,2.271,116.3,0.9911,0.9430,37.9
2026-08-24T22:05:50,2.297,116.7,1.0017,0.9430,37.9
2026-08-24T22:05:51,2.298,115.7,1.0076,0.9430,37.9
2026-08-24T22:05:52,2.300,114.8,1.0091,0.9430,37.9
2026-08-24T22:05:53,2.301,116.4,0.9918,0.9429,37.9
2026-08-24T22:05:54,2.301,116.3,1.0071,0.9429,37.9
2026-08-24T22:05:55,2.321,116.7,1.0008,0.9429,37.8
2026-08-24T22:05:56,2.331,115.2,0.9909,0.9429,37.9
2026-08-24T22:05:57,2.348,115.2,0.9944,0.9429,37.9
2026-08-24T22:05:58,2.341,116.1,0.9905,0.9428,37.9
2026-08-24T22:05:59,2.315,115.9,1.0019,0.9428,37.9
2026-08-24T22:06:00,2.347,115.3,0.9958,0.9428,37.9
2026-08-24T22:06:01,2.323,117.0,1.0044,0.9428,37.9
2026-08-24T22:06:02,2.356,115.8,1.0011,0.9428,37.9
2026-08-24T22:06:03,2.341,115.8,1.0063,0.9427,37.9
2026-08-24T22:06:04,2.364,116.2,1.0036,0.9427,37.9
2026-08-24T22:06:05,2.345,116.8,0.9964,0.9427,37.9
2026-08-24T22:06:06,2.362,116.7,1.0023,0.9427,38.0
2026-08-24T22:06:07,2.371,117.5,1.0005,0.9427,38.0
2026-08-24T22:06:08,2.386,117.0,0.9965,0.9426,38.0
2026-08-24T22:06:09,2.343,117.5,1.0061,0.9426,38.1
2026-08-24T22:06:10,2.363,117.4,0.9966,0.9426,38.1
2026-08-24T22:06:11,2.355,117.1,0.9908,0.9426,38.1
2026-08-24T22:06:12,2.373,116.0,0.9908,0.9426,38.2
2026-08-24T22:06:13,2.355,117.1,0.9925,0.9425,38.2
2026-08-24T22:06:14,2.377,117.7,1.0011,0.9425,38.2
2026-08-24T22:06:15,2.399,116.8,1.0027,0.9425,38.2
2026-08-24T22:06:16,2.398,116.2,1.0036,0.9425,38.2
2026-08-24T22:06:17,2.396,117.5,0.9904,0.9425,38.2
2026-08-24T22:06:18,2.377,117.7,0.9965,0.9425,38.2
2026-08-24T22:06:19,2.401,116.4,1.0059,0.9424,38.3
2026-08-24T22:06:20,2.414,116.6,0.9998,0.9424,38.3
2026-08-24T22:06:21,2.370,117.3,1.0048,0.9424,38.3
2026-08-24T22:06:22,2.387,117.8,1.0019,0.9424,38.4
2026-08-24T22:06:23,2.389,117.1,0.9921,0.9423,38.4
2026-08-24T22:06:24,2.396,116.7,0.9938,0.9423,38.4
2026-08-24T22:06:25,2.417,116.6,0.9949,0.9423,38.4
2026-08-24T22:06:26,2.399,118.1,0.9928,0.9423,38.4
2026-08-24T22:06:27,2.384,117.9,1.0072,0.9423,38.4
2026-08-24T22:06:28,2.408,118.2,0.9987,0.9422,38.4
2026-08-24T22:06:29,2.387,118.7,0.9976,0.9422,38.4
2026-08-24T22:06:30,2.395,118.2,0.9957,0.9422,38.4
2026-08-24T22:06:31,2.401,117.3,1.0008,0.9422,38.5
2026-08-24T22:06:32,2.379,117.5,0.9900,0.9422,38.5
2026-08-24T22:06:33,2.403,117.4,0.9987,0.9421,38.5
2026-08-24T22:06:34,2.384,118.9,0.9985,0.9421,38.4
2026-08-24T22:06:35,2.408,118.1,0.9999,0.9421,38.5
2026-08-24T22:06:36,2.401,119.3,1.0098,0.9421,38.6
2026-08-24T22:06:37,2.413,119.0,0.9944,0.9421,38.5
2026-08-24T22:06:38,2.421,118.1,1.0079,0.9420,38.6
2026-08-24T22:06:39,2.412,117.9,0.9957,0.9420,38.6
2026-08-24T22:06:40,2.385,119.0,0.9963,0.9420,38.6
2026-08-24T22:06:41,2.398,117.8,1.0091,0.9420,38.6
2026-08-24T22:06:42,2.374,118.9,1.0070,0.9420,38.7
2026-08-24T22:06:43,2.380,118.2,1.0060,0.9419,38.7
2026-08-24T22:06:44,2.372,118.7,1.0099,0.9419,38.6
2026-08-24T22:06:45,2.370,118.2,0.9964,0.9419,38.7
2026-08-24T22:06:46,2.400,118.9,0.9969,0.9419,38.7
2026-08-24T22:06:47,2.368,118.3,1.0055,0.9419,38.7
2026-08-24T22:06:48,2.387,118.7,0.9985,0.9418,38.7
2026-08-24T22:06:49,2.367,118.4,1.0019,0.9418,38.7
2026-08-24T22:06:50,2.396,118.7,1.0023,0.9418,38.7
2026-08-24T22:06:51,2.387,119.9,1.0098,0.9418,38.7
2026-08-24T22:06:52,2.360,120.2,0.9929,0.9418,38.8
2026-08-24T22:06:53,2.381,119.6,1.0032,0.9417,38.8
2026-08-24T22:06:54,2.393,119.4,1.0082,0.9417,38.8
2026-08-24T22:06:55,2.374,119.0,1.0066,0.9417,38.9
2026-08-24T22:06:56,2.364,120.6,0.9944,0.9417,38.8
2026-08-24T22:06:57,2.343,119.2,1.0071,0.9417,38.8
2026-08-24T22:06:58,2.383,119.2,1.0069,0.9416,38.9
2026-08-24T22:06:59,2.360,120.0,0.9906,0.9416,38.9
2026-08-24T22:07:00,2.371,120.8,0.9960,0.9416,38.9
2026-08-24T22:07:01,2.338,120.0,1.0027,0.9416,38.9
2026-08-24T22:07:02,2.375,120.1,0.9955,0.9416,38.9
2026-08-24T22:07:03,2.354,120.6,1.0008,0.9415,39.0
2026-08-24T22:07:04,2.332,120.8,0.9990,0.9415,39.0
2026-08-24T22:07:05,2.324,120.8,0.9914,0.9415,39.0
2026-08-24T22:07:06,2.328,121.0,0.9983,0.9415,39.0
2026-08-24T22:07:07,2.327,120.7,0.9925,0.9415,39.0
2026-08-24T22:07:08,2.332,120.9,0.9952,0.9414,39.0
2026-08-24T22:07:09,2.340,121.5,0.9930,0.9414,39.0
2026-08-24T22:07:10,2.304,120.1,1.0047,0.9414,39.0
2026-08-24T22:07:11,2.305,120.2,1.0028,0.9414,39.0
2026-08-24T22:07:12,2.299,120.2,1.0093,0.9414,39.0
2026-08-24T22:07:13,2.300,121.1,0.9949,0.9413,39.0
2026-08-24T22:07:14,2.319,122.1,0.9907,0.9413,39.1
2026-08-24T22:07:15,2.309,121.4,0.9951,0.9413,39.1
2026-08-24T22:07:16,2.316,122.1,0.9912,0.9413,39.1
2026-08-24T22:07:17,2.298,120.7,0.9905,0.9413,39.1
2026-08-24T22:07:18,2.304,122.2,0.9983,0.9413,39.1
2026-08-24T22:07:19,2.278,120.8,0.9905,0.9412,39.1
2026-08-24T22:07:20,2.264,121.5,0.9922,0.9412,39.1
2026-08-24T22:07:21,2.248,121.7,1.0096,0.9412,39.1
2026-08-24T22:07:22,2.275,122.2,1.0005,0.9412,39.1
2026-08-24T22:07:23,2.266,121.0,0.9984,0.9411,39.1
2026-08-24T22:07:24,2.253,122.4,1.0036,0.9411,39.0
2026-08-24T22:07:25,2.263,121.9,1.0087,0.9411,39.0
2026-08-24T22:07:26,2.238,121.7,0.9930,0.9411,39.0
2026-08-24T22:07:27,2.226,121.7,1.0011,0.9411,38.9
2026-08-24T22:07:28,2.218,122.6,0.9930,0.9410,39.0
2026-08-24T22:07:29,2.234,122.1,1.0066,0.9410,38.9
2026-08-24T22:07:30,2.241,121.7,1.0056,0.9410,38.9
2026-08-24T22:07:31,2.211,121.3,0.9933,0.9410,38.9
2026-08-24T22:07:32,2.223,121.6,1.0069,0.9410,38.9
2026-08-24T22:07:33,2.220,122.3,1.0035,0.9410,38.9
2026-08-24T22:07:34,2.178,122.9,1.0005,0.9409,38.9
2026-08-24T22:07:35,2.186,122.9,1.0022,0.9409,38.9
2026-08-24T22:07:36,2.211,123.0,0.9988,0.9409,38.8
2026-08-24T22:07:37,2.207,123.0,1.0091,0.9409,38.8
2026-08-24T22:07:38,2.183,123.3,1.0044,0.9409,38.7
2026-08-24T22:07:39,2.194,123.0,1.0054,0.9408,38.7
2026-08-24T22:07:40,2.163,122.4,0.9980,0.9408,38.6
2026-08-24T22:07:41,2.171,123.1,0.9985,0.9408,38.6
2026-08-24T22:07:42,2.138,123.5,0.9961,0.9408,38.7
2026-08-24T22:07:43,2.150,122.3,1.0034,0.9408,38.6
2026-08-24T22:07:44,2.151,123.1,1.0049,0.9407,38.6
2026-08-24T22:07:45,2.124,123.7,1.0027,0.9407,38.6
2026-08-24T22:07:46,2.136,122.7,1.0088,0.9407,38.6
2026-08-24T22:07:47,2.116,123.3,1.0044,0.9407,38.5
2026-08-24T22:07:48,2.140,123.5,0.9942,0.9407,38.4
2026-08-24T22:07:49,2.098,123.5,0.9964,0.9406,38.4
2026-08-24T22:07:50,2.094,123.3,0.9915,0.9406,38.3
2026-08-24T22:07:51,2.102,123.7,0.9961,0.9406,38.3
2026-08-24T22:07:52,2.102,124.3,1.0036,0.9406,38.2
2026-08-24T22:07:53,2.082,124.0,0.9977,0.9406,38.2
2026-08-24T22:07:54,2.080,123.2,1.0052,0.9405,38.2
2026-08-24T22:07:55,2.090,124.5,1.0087,0.9405,38.2
2026-08-24T22:07:56,2.073,123.2,0.9960,0.9405,38.2
2026-08-24T22:07:57,2.044,124.8,1.0074,0.9405,38.2
2026-08-24T22:07:58,2.036,123.7,0.9971,0.9404,38.1
2026-08-24T22:07:59,2.030,124.9,0.9931,0.9404,38.1
2026-08-24T22:08:00,2.072,123.1,0.9909,0.9404,38.0
2026-08-24T22:08:01,2.041,124.6,0.9993,0.9404,38.0
2026-08-24T22:08:02,2.040,124.6,0.9906,0.9404,38.0
2026-08-24T22:08:03,2.032,124.9,0.9915,0.9403,37.9
2026-08-24T22:08:04,2.023,124.9,0.9989,0.9403,37.9
2026-08-24T22:08:05,2.000,123.6,1.0012,0.9403,37.9
2026-08-24T22:08:06,2.035,125.1,0.9949,0.9403,37.9
2026-08-24T22:08:07,2.007,124.9,0.9999,0.9403,37.8
2026-08-24T22:08:08,2.014,123.8,1.0045,0.9402,37.9
2026-08-24T22:08:09,1.981,124.7,0.9995,0.9402,37.8
2026-08-24T22:08:10,1.980,125.0,1.0032,0.9402,37.9
2026-08-24T22:08:11,1.968,125.3,0.9938,0.9402,37.8
2026-08-24T22:08:12,1.957,125.1,1.0067,0.9402,37.8
2026-08-24T22:08:13,1.982,125.2,1.0067,0.9401,37.8
2026-08-24T22:08:14,1.950,124.5,1.0042,0.9401,37.9
2026-08-24T22:08:15,1.947,124.7,0.9901,0.9401,37.8
2026-08-24T22:08:16,1.939,123.9,0.9936,0.9401,37.8
2026-08-24T22:08:17,1.948,125.2,1.0083,0.9401,37.8
2026-08-24T22:08:18,1.968,124.0,1.0040,0.9400,37.7
2026-08-24T22:08:19,1.955,125.2,1.0058,0.9400,37.7
2026-08-24T22:08:20,1.930,123.8,1.0020,0.9400,37.7
2026-08-24T22:08:21,1.955,123.9,0.9950,0.9400,37.7
2026-08-24T22:08:22,1.927,125.2,1.0090,0.9400,37.8
2026-08-24T22:08:23,1.918,124.0,1.0030,0.9399,37.7
2026-08-24T22:08:24,1.914,123.9,1.0033,0.9399,37.7
2026-08-24T22:08:25,1.891,125.0,0.9957,0.9399,37.8
2026-08-24T22:08:26,1.884,124.4,1.0037,0.9399,37.7
2026-08-24T22:08:27,1.904,124.8,1.0025,0.9399,37.7
2026-08-24T22:08:28,1.898,125.3,0.9972,0.9398,37.8
2026-08-24T22:08:29,1.892,124.4,0.9986,0.9398,37.8
2026-08-24T22:08:30,1.874,124.9,1.0070,0.9398,37.8
2026-08-24T22:08:31,1.861,125.3,1.0081,0.9398,37.8
2026-08-24T22:08:32,1.895,124.5,0.9934,0.9398,37.8
2026-08-24T22:08:33,1.869,124.3,1.0036,0.9397,37.8
2026-08-24T22:08:34,1.884,125.0,1.0023,0.9397,37.8
2026-08-24T22:08:35,1.852,124.3,1.0083,0.9397,37.7
2026-08-24T22:08:36,1.876,125.0,0.9963,0.9397,37.7
2026-08-24T22:08:37,1.856,124.3,1.0084,0.9397,37.8
2026-08-24T22:08:38,1.852,124.3,1.0009,0.9396,37.7
2026-08-24T22:08:39,1.880,124.1,1.0044,0.9396,37.8
2026-08-24T22:08:40,1.866,125.0,0.9979,0.9396,37.8
2026-08-24T22:08:41,1.863,125.3,1.0032,0.9396,37.8
2026-08-24T22:08:42,1.869,124.7,1.0093,0.9396,37.8
2026-08-24T22:08:43,1.825,125.8,1.0080,0.9395,37.8
2026-08-24T22:08:44,1.831,124.7,0.9905,0.9395,37.8
2026-08-24T22:08:45,1.838,125.0,1.0100,0.9395,37.8
2026-08-24T22:08:46,1.825,124.6,1.0064,0.9395,37.8
2026-08-24T22:08:47,1.851,125.8,1.0012,0.9395,37.9
2026-08-24T22:08:48,1.816,125.2,0.9965,0.9394,37.9
2026-08-24T22:08:49,1.834,125.8,0.9935,0.9394,37.9
2026-08-24T22:08:50,1.822,125.4,0.9928,0.9394,37.9
2026-08-24T22:08:51,1.831,124.0,0.9990,0.9394,38.0
2026-08-24T22:08:52,1.802,124.5,1.0019,0.9394,38.0
2026-08-24T22:08:53,1.809,125.1,1.0090,0.9393,38.1
2026-08-24T22:08:54,1.824,124.5,0.9979,0.9393,38.1
2026-08-24T22:08:55,1.821,124.9,0.9978,0.9393,38.1
2026-08-24T22:08:56,1.821,124.7,0.9964,0.9393,38.1
2026-08-24T22:08:57,1.809,125.5,1.0061,0.9393,38.2
2026-08-24T22:08:58,1.814,124.3,1.0081,0.9392,38.2
2026-08-24T22:08:59,1.819,125.2,1.0027,0.9392,38.2
2026-08-24T22:09:00,1.793,124.7,1.0010,0.9392,38.2
2026-08-24T22:09:01,1.804,124.7,0.9954,0.9392,38.3
2026-08-24T22:09:02,1.807,124.7,1.0075,0.9392,38.3
2026-08-24T22:09:03,1.818,123.9,1.0013,0.9392,38.3
2026-08-24T22:09:04,1.788,124.3,1.0070,0.9391,38.2
2026-08-24T22:09:05,1.825,125.0,0.9933,0.9391,38.2
2026-08-24T22:09:06,1.807,125.0,0.9903,0.9391,38.3
2026-08-24T22:09:07,1.795,124.9,1.0063,0.9391,38.3
2026-08-24T22:09:08,1.778,124.4,0.9920,0.9390,38.3
2026-08-24T22:09:09,1.810,124.4,0.9990,0.9390,38.3
2026-08-24T22:09:10,1.824,124.3,0.9915,0.9390,38.3
2026-08-24T22:09:11,1.812,125.3,0.9956,0.9390,38.3
2026-08-24T22:09:12,1.778,125.1,0.9964,0.9390,38.3
2026-08-24T22:09:13,1.806,125.2,0.9963,0.9390,38.3
2026-08-24T22:09:14,1.786,123.7,0.9948,0.9389,38.4
2026-08-24T22:09:15,1.804,125.4,0.9987,0.9389,38.4
2026-08-24T22:09:16,1.806,124.9,1.0017,0.9389,38.4
2026-08-24T22:09:17,1.788,123.9,0.9936,0.9389,38.4
2026-08-24T22:09:18,1.816,123.8,1.0088,0.9389,38.5
2026-08-24T22:09:19,1.793,124.1,1.0039,0.9388,38.5
2026-08-24T22:09:20,1.798,123.8,0.9938,0.9388,38.5
2026-08-24T22:09:21,1.810,123.3,1.0001,0.9388,38.5
2026-08-24T22:09:22,1.804,123.8,0.9972,0.9388,38.5
2026-08-24T22:09:23,1.794,124.1,1.0098,0.9388,38.5
2026-08-24T22:09:24,1.797,123.7,0.9924,0.9387,38.5
2026-08-24T22:09:25,1.826,123.5,1.0002,0.9387,38.6
2026-08-24T22:09:26,1.814,123.4,0.9917,0.9387,38.6
2026-08-24T22:09:27,1.827,123.1,0.9924,0.9387,38.6
2026-08-24T22:09:28,1.844,123.0,0.9935,0.9387,38.6
2026-08-24T22:09:29,1.814,124.4,1.0057,0.9386,38.6
2026-08-24T22:09:30,1.830,123.1,1.0019,0.9386,38.7
2026-08-24T22:09:31,1.809,123.9,1.0059,0.9386,38.7
2026-08-24T22:09:32,1.839,124.0,1.0068,0.9386,38.7
2026-08-24T22:09:33,1.828,123.5,1.0020,0.9386,38.6
2026-08-24T22:09:34,1.814,124.3,0.9973,0.9385,38.6
2026-08-24T22:09:35,1.829,124.4,0.9905,0.9385,38.6
2026-08-24T22:09:36,1.839,123.7,0.9915,0.9385,38.6
2026-08-24T22:09:37,1.849,123.3,0.9910,0.9385,38.6
2026-08-24T22:09:38,1.852,123.8,0.9972,0.9385,38.6
2026-08-24T22:09:39,1.826,123.0,1.0053,0.9384,38.6
2026-08-24T22:09:40,1.852,123.0,1.0005,0.9384,38.7
2026-08-24T22:09:41,1.839,122.9,0.9939,0.9384,38.7
2026-08-24T22:09:42,1.860,123.1,0.9936,0.9384,38.7
2026-08-24T22:09:43,1.881,123.4,1.0007,0.9384,38.7
2026-08-24T22:09:44,1.888,122.9,0.9962,0.9383,38.7
2026-08-24T22:09:45,1.870,122.1,1.0014,0.9383,38.6
2026-08-24T22:09:46,1.868,122.2,1.0008,0.9383,38.7
2026-08-24T22:09:47,1.863,122.5,0.9973,0.9383,38.7
2026-08-24T22:09:48,1.899,123.3,1.0078,0.9383,38.6
2026-08-24T22:09:49,1.900,122.6,1.0093,0.9382,38.6
2026-08-24T22:09:50,1.908,122.8,0.9974,0.9382,38.6
2026-08-24T22:09:51,1.902,122.4,0.9905,0.9382,38.7
2026-08-24T22:09:52,1.882,121.8,1.0047,0.9382,38.6
2026-08-24T22:09:53,1.915,121.5,0.9978,0.9382,38.6
2026-08-24T22:09:54,1.891,122.2,0.9961,0.9381,38.6
2026-08-24T22:09:55,1.938,122.9,0.9962,0.9381,38.5
2026-08-24T22:09:56,1.937,121.3,0.9985,0.9381,38.5
2026-08-24T22:09:57,1.927,123.1,0.9921,0.9381,38.5
2026-08-24T22:09:58,1.947,121.8,1.0045,0.9381,38.5
2026-08-24T22:09:59,1.936,122.4,0.9910,0.9380,38.4
2026-08-24T22:10:00,1.929,122.5,1.0068,0.9380,38.4
2026-08-24T22:10:01,1.942,122.3,0.9947,0.9380,38.3
2026-08-24T22:10:02,1.944,121.9,1.0006,0.9380,38.3
2026-08-24T22:10:03,1.935,122.8,1.0019,0.9380,38.3
2026-08-24T22:10:04,1.942,121.0,0.9949,0.9379,38.3
2026-08-24T22:10:05,1.975,122.2,1.0069,0.9379,38.2
2026-08-24T22:10:06,1.953,121.2,0.9912,0.9379,38.3
2026-08-24T22:10:07,1.973,121.8,0.9913,0.9379,38.2
2026-08-24T22:10:08,1.975,121.1,0.9986,0.9379,38.2
2026-08-24T22:10:09,1.967,121.9,0.9991,0.9378,38.2
2026-08-24T22:10:10,1.993,121.3,1.0016,0.9378,38.2
2026-08-24T22:10:11,1.995,122.2,1.0019,0.9378,38.2
2026-08-24T22:10:12,2.009,120.3,1.0086,0.9378,38.2
2026-08-24T22:10:13,1.996,120.4,1.0080,0.9378,38.1
2026-08-24T22:10:14,1.991,120.3,1.0037,0.9377,38.1
2026-08-24T22:10:15,2.031,121.6,0.9904,0.9377,38.1
2026-08-24T22:10:16,2.026,121.5,0.9957,0.9377,38.1
2026-08-24T22:10:17,2.033,120.8,0.9969,0.9377,38.0
2026-08-24T22:10:18,2.017,121.3,1.0098,0.9377,38.0
2026-08-24T22:10:19,2.042,121.5,0.9955,0.9376,38.0
2026-08-24T22:10:20,2.066,121.0,0.9957,0.9376,38.0
2026-08-24T22:10:21,2.050,119.7,1.0073,0.9376,38.0
2026-08-24T22:10:22,2.075,120.3,1.0083,0.9376,38.0
2026-08-24T22:10:23,2.085,119.9,0.9936,0.9376,38.0
2026-08-24T22:10:24,2.050,121.1,1.0021,0.9375,38.0
2026-08-24T22:10:25,2.081,120.4,0.9926,0.9375,37.9
2026-08-24T22:10:26,2.090,120.9,1.0092,0.9375,37.9
2026-08-24T22:10:27,2.095,120.7,0.9948,0.9375,37.8
2026-08-24T22:10:28,2.096,119.3,1.0056,0.9375,37.8
2026-08-24T22:10:29,2.092,119.5,1.0058,0.9374,37.8
2026-08-24T22:10:30,2.127,119.8,1.0042,0.9374,37.7
2026-08-24T22:10:31,2.103,120.4,1.0061,0.9374,37.7
2026-08-24T22:10:32,2.127,119.9,1.0096,0.9374,37.7
2026-08-24T22:10:33,2.106,120.0,0.9916,0.9374,37.7
2026-08-24T22:10:34,2.112,119.0,1.0091,0.9373,37.7
2026-08-24T22:10:35,2.157,119.5,0.9907,0.9373,37.7
2026-08-24T22:10:36,2.138,119.8,0.9965,0.9373,37.7
2026-08-24T22:10:37,2.146,120.1,1.0049,0.9373,37.7
2026-08-24T22:10:38,2.146,119.1,1.0003,0.9373,37.7
2026-08-24T22:10:39,2.145,119.9,0.9966,0.9372,37.7
2026-08-24T22:10:40,2.193,118.6,0.9952,0.9372,37.6
2026-08-24T22:10:41,2.177,118.7,0.9902,0.9372,37.5
2026-08-24T22:10:42,2.181,118.5,1.0046,0.9372,37.5
2026-08-24T22:10:43,2.205,119.0,1.0100,0.9372,37.5
2026-08-24T22:10:44,2.182,118.5,1.0036,0.9371,37.4
2026-08-24T22:10:45,2.185,119.0,0.9928,0.9371,37.4
2026-08-24T22:10:46,2.187,119.1,1.0026,0.9371,37.4
2026-08-24T22:10:47,2.206,117.7,1.0068,0.9371,37.3
2026-08-24T22:10:48,2.240,118.9,1.0015,0.9371,37.3
2026-08-24T22:10:49,2.225,118.4,0.9905,0.9370,37.4
2026-08-24T22:10:50,2.234,117.4,1.0097,0.9370,37.3
2026-08-24T22:10:51,2.218,118.3,0.9949,0.9370,37.4
2026-08-24T22:10:52,2.238,118.6,0.9994,0.9370,37.3
2026-08-24T22:10:53,2.241,118.2,0.9980,0.9370,37.3
2026-08-24T22:10:54,2.246,119.0,1.0044,0.9369,37.3
2026-08-24T22:10:55,2.263,117.2,1.0015,0.9369,37.3
2026-08-24T22:10:56,2.233,118.8,0.9976,0.9369,37.3
2026-08-24T22:10:57,2.258,117.3,0.9916,0.9369,37.4
2026-08-24T22:10:58,2.247,118.3,0.9916,0.9369,37.3
2026-08-24T22:10:59,2.298,117.3,0.9909,0.9368,37.3
2026-08-24T22:11:00,2.296,118.1,0.9976,0.9368,37.4
2026-08-24T22:11:01,2.280,118.5,1.0030,0.9368,37.4
2026-08-24T22:11:02,2.287,117.1,0.9942,0.9368,37.4
2026-08-24T22:11:03,2.292,117.8,0.9939,0.9368,37.4
2026-08-24T22:11:04,2.290,118.2,0.9940,0.9367,37.4
2026-08-24T22:11:05,2.319,117.7,0.9953,0.9367,37.4
2026-08-24T22:11:06,2.313,118.0,0.9935,0.9367,37.5
2026-08-24T22:11:07,2.305,117.1,1.0074,0.9367,37.5
2026-08-24T22:11:08,2.327,117.6,0.9992,0.9367,37.5
2026-08-24T22:11:09,2.343,116.6,1.0067,0.9366,37.5
2026-08-24T22:11:10,2.301,116.6,1.0090,0.9366,37.5
2026-08-24T22:11:11,2.321,116.6,1.0024,0.9366,37.5
2026-08-24T22:11:12,2.341,116.5,0.9963,0.9366,37.5
2026-08-24T22:11:13,2.347,117.9,0.9901,0.9366,37.5
2026-08-24T22:11:14,2.357,116.9,1.0082,0.9365,37.5
2026-08-24T22:11:15,2.354,116.4,1.0066,0.9365,37.5
2026-08-24T22:11:16,2.341,116.7,1.0099,0.9365,37.6
2026-08-24T22:11:17,2.334,117.6,0.9988,0.9365,37.6
2026-08-24T22:11:18,2.361,117.3,0.9927,0.9365,37.6
2026-08-24T22:11:19,2.344,117.0,0.9966,0.9364,37.6
2026-08-24T22:11:20,2.335,115.5,1.0072,0.9364,37.7
2026-08-24T22:11:21,2.372,117.0,0.9914,0.9364,37.6
2026-08-24T22:11:22,2.369,116.2,0.9961,0.9364,37.6
2026-08-24T22:11:23,2.342,115.5,0.9913,0.9364,37.7
2026-08-24T22:11:24,2.345,115.5,0.9982,0.9363,37.8
2026-08-24T22:11:25,2.351,116.4,1.0036,0.9363,37.7
2026-08-24T22:11:26,2.364,116.2,1.0069,0.9363,37.8
2026-08-24T22:11:27,2.362,116.2,1.0025,0.9363,37.9
2026-08-24T22:11:28,2.370,115.1,0.9994,0.9362,37.9
2026-08-24T22:11:29,2.359,115.6,0.9929,0.9362,37.9
2026-08-24T22:11:30,2.385,115.3,1.0016,0.9362,37.9
2026-08-24T22:11:31,2.398,115.1,1.0099,0.9362,37.9
2026-08-24T22:11:32,2.408,115.5,0.9914,0.9362,37.9
2026-08-24T22:11:33,2.394,115.6,0.9976,0.9361,37.9
2026-08-24T22:11:34,2.377,116.0,1.0099,0.9361,37.9
2026-08-24T22:11:35,2.398,115.9,1.0089,0.9361,38.0
2026-08-24T22:11:36,2.380,116.5,1.0006,0.9361,38.0
2026-08-24T22:11:37,2.408,116.0,0.9927,0.9361,38.0
2026-08-24T22:11:38,2.384,115.1,1.0067,0.9360,38.0
2026-08-24T22:11:39,2.374,115.8,1.0009,0.9360,38.0
2026-08-24T22:11:40,2.421,114.6,1.0019,0.9360,38.1
2026-08-24T22:11:41,2.388,116.2,1.0065,0.9360,38.1
2026-08-24T22:11:42,2.412,114.9,0.9914,0.9360,38.1
2026-08-24T22:11:43,2.378,115.2,1.0061,0.9359,38.0
2026-08-24T22:11:44,2.415,115.2,0.9901,0.9359,38.1
2026-08-24T22:11:45,2.383,116.4,0.9950,0.9359,38.1
2026-08-24T22:11:46,2.377,116.2,0.9904,0.9359,38.1
2026-08-24T22:11:47,2.379,115.0,1.0072,0.9359,38.1
2026-08-24T22:11:48,2.416,114.5,1.0017,0.9358,38.1
2026-08-24T22:11:49,2.387,114.5,1.0089,0.9358,38.2
2026-08-24T22:11:50,2.406,116.0,0.9993,0.9358,38.2
2026-08-24T22:11:51,2.381,115.5,0.9958,0.9358,38.3
2026-08-24T22:11:52,2.410,115.0,1.0087,0.9358,38.3
2026-08-24T22:11:53,2.382,115.9,1.0069,0.9357,38.3
2026-08-24T22:11:54,2.399,115.9,1.0055,0.9357,38.3
2026-08-24T22:11:55,2.403,116.2,0.9967,0.9357,38.4
2026-08-24T22:11:56,2.378,115.6,1.0018,0.9357,38.4
2026-08-24T22:11:57,2.374,116.1,1.0040,0.9357,38.4
2026-08-24T22:11:58,2.403,114.9,1.0074,0.9357,38.4
2026-08-24T22:11:59,2.390,115.6,1.0031,0.9356,38.4
2026-08-24T22:12:00,2.408,114.7,0.9940,0.9356,38.4
2026-08-24T22:12:01,2.397,115.2,0.9966,0.9356,38.4
2026-08-24T22:12:02,2.395,114.7,1.0066,0.9356,38.4
2026-08-24T22:12:03,2.401,114.9,0.9963,0.9355,38.5
2026-08-24T22:12:04,2.393,114.5,1.0090,0.9355,38.5
2026-08-24T22:12:05,2.359,115.3,1.0054,0.9355,38.6
2026-08-24T22:12:06,2.361,115.3,1.0035,0.9355,38.6
2026-08-24T22:12:07,2.389,114.2,0.9967,0.9355,38.6
2026-08-24T22:12:08,2.369,115.5,0.9991,0.9354,38.6
2026-08-24T22:12:09,2.362,115.6,0.9916,0.9354,38.6
2026-08-24T22:12:10,2.389,115.9,0.9953,0.9354,38.6
2026-08-24T22:12:11,2.355,114.3,1.0078,0.9354,38.6
2026-08-24T22:12:12,2.363,115.8,1.0084,0.9354,38.6
2026-08-24T22:12:13,2.345,114.3,0.9967,0.9354,38.6
2026-08-24T22:12:14,2.372,114.2,0.9962,0.9353,38.6
2026-08-24T22:12:15,2.343,114.7,0.9997,0.9353,38.6
2026-08-24T22:12:16,2.328,114.8,1.0028,0.9353,38.5
2026-08-24T22:12:17,2.345,114.3,0.9923,0.9353,38.6
2026-08-24T22:12:18,2.366,115.1,0.9992,0.9352,38.6
2026-08-24T22:12:19,2.358,116.0,0.9929,0.9352,38.6
2026-08-24T22:12:20,2.354,115.8,1.0061,0.9352,38.7
2026-08-24T22:12:21,2.326,115.4,0.9953,0.9352,38.6
2026-08-24T22:12:22,2.325,115.9,0.9901,0.9352,38.6
2026-08-24T22:12:23,2.323,114.5,1.0072,0.9352,38.6
2026-08-24T22:12:24,2.338,115.3,1.0019,0.9351,38.6
2026-08-24T22:12:25,2.321,114.6,0.9903,0.9351,38.6
2026-08-24T22:12:26,2.299,114.1,1.0033,0.9351,38.6
2026-08-24T22:12:27,2.295,115.7,1.0097,0.9351,38.6
2026-08-24T22:12:28,2.287,114.5,1.0041,0.9351,38.5
2026-08-24T22:12:29,2.298,114.6,1.0050,0.9350,38.5
2026-08-24T22:12:30,2.307,115.4,1.0023,0.9350,38.6
2026-08-24T22:12:31,2.271,115.3,1.0071,0.9350,38.5
2026-08-24T22:12:32,2.270,115.6,1.0014,0.9350,38.5
2026-08-24T22:12:33,2.256,115.7,0.9969,0.9350,38.6
2026-08-24T22:12:34,2.282,114.4,0.9918,0.9349,38.5
2026-08-24T22:12:35,2.257,114.6,0.9934,0.9349,38.5
2026-08-24T22:12:36,2.290,115.1,0.9915,0.9349,38.5
2026-08-24T22:12:37,2.238,115.7,0.9996,0.9349,38.5
2026-08-24T22:12:38,2.281,116.0,0.9994,0.9348,38.5
2026-08-24T22:12:39,2.234,114.8,0.9909,0.9348,38.5
2026-08-24T22:12:40,2.238,116.1,0.9994,0.9348,38.5
2026-08-24T22:12:41,2.263,115.2,1.0078,0.9348,38.5
2026-08-24T22:12:42,2.258,115.9,0.9907,0.9348,38.4
2026-08-24T22:12:43,2.246,115.2,0.9910,0.9347,38.4
2026-08-24T22:12:44,2.236,115.0,0.9984,0.9347,38.4
2026-08-24T22:12:45,2.236,115.6,1.0055,0.9347,38.3
2026-08-24T22:12:46,2.233,116.4,0.9996,0.9347,38.4
2026-08-24T22:12:47,2.227,115.5,0.9963,0.9347,38.4
2026-08-24T22:12:48,2.188,116.3,1.0026,0.9346,38.3
2026-08-24T22:12:49,2.215,116.0,0.9967,0.9346,38.3
2026-08-24T22:12:50,2.169,116.2,0.9966,0.9346,38.3
2026-08-24T22:12:51,2.160,115.6,1.0086,0.9346,38.3
2026-08-24T22:12:52,2.176,116.4,1.0037,0.9346,38.2
2026-08-24T22:12:53,2.173,116.4,0.9957,0.9345,38.2
2026-08-24T22:12:54,2.152,115.8,1.0012,0.9345,38.2
2026-08-24T22:12:55,2.151,116.9,1.0021,0.9345,38.2
2026-08-24T22:12:56,2.152,116.8,0.9955,0.9345,38.2
2026-08-24T22:12:57,2.140,117.0,0.9969,0.9345,38.2
2026-08-24T22:12:58,2.149,116.0,0.9933,0.9344,38.2
2026-08-24T22:12:59,2.160,117.1,1.0009,0.9344,38.1
2026-08-24T22:13:00,2.130,116.0,0.9949,0.9344,38.1
2026-08-24T22:13:01,2.140,116.8,0.9992,0.9344,38.1
2026-08-24T22:13:02,2.142,115.4,1.0059,0.9344,38.0
2026-08-24T22:13:03,2.129,115.7,1.0088,0.9344,38.0
2026-08-24T22:13:04,2.085,116.5,0.9990,0.9343,37.9
2026-08-24T22:13:05,2.108,115.5,0.9999,0.9343,37.9
2026-08-24T22:13:06,2.112,116.5,0.9905,0.9343,37.9
2026-08-24T22:13:07,2.070,117.2,1.0011,0.9343,37.8
2026-08-24T22:13:08,2.101,115.8,0.9999,0.9343,37.8
2026-08-24T22:13:09,2.096,115.8,1.0031,0.9342,37.8
2026-08-24T22:13:10,2.068,115.7,1.0079,0.9342,37.8
2026-08-24T22:13:11,2.084,117.0,0.9959,0.9342,37.7
2026-08-24T22:13:12,2.074,115.8,1.0081,0.9342,37.7
2026-08-24T22:13:13,2.065,117.9,0.9925,0.9342,37.6
2026-08-24T22:13:14,2.044,117.2,0.9933,0.9341,37.6
2026-08-24T22:13:15,2.044,117.7,1.0049,0.9341,37.6
2026-08-24T22:13:16,2.042,117.7,1.0062,0.9341,37.6
2026-08-24T22:13:17,2.055,116.2,1.0096,0.9341,37.5
2026-08-24T22:13:18,2.016,116.8,0.9959,0.9341,37.5
2026-08-24T22:13:19,2.013,117.6,1.0035,0.9340,37.5
2026-08-24T22:13:20,2.010,116.4,1.0012,0.9340,37.4
2026-08-24T22:13:21,1.995,116.9,0.9963,0.9340,37.4
2026-08-24T22:13:22,1.995,116.9,1.0012,0.9340,37.4
2026-08-24T22:13:23,1.992,118.3,1.0025,0.9340,37.4
2026-08-24T22:13:24,2.003,117.9,0.9925,0.9339,37.4
2026-08-24T22:13:25,1.988,118.2,1.0030,0.9339,37.4
2026-08-24T22:13:26,1.964,118.5,1.0021,0.9339,37.4
2026-08-24T22:13:27,1.986,117.0,1.0025,0.9339,37.4
2026-08-24T22:13:28,1.969,117.8,0.9909,0.9339,37.5
2026-08-24T22:13:29,1.947,118.7,0.9982,0.9338,37.5
2026-08-24T22:13:30,1.968,117.5,0.9982,0.9338,37.5
2026-08-24T22:13:31,1.966,117.6,1.0020,0.9338,37.5
2026-08-24T22:13:32,1.969,117.4,1.0001,0.9338,37.5
2026-08-24T22:13:33,1.961,118.2,1.0036,0.9338,37.4
2026-08-24T22:13:34,1.958,118.6,1.0081,0.9337,37.5
2026-08-24T22:13:35,1.928,118.9,0.9987,0.9337,37.4
2026-08-24T22:13:36,1.911,118.5,1.0040,0.9337,37.4
2026-08-24T22:13:37,1.910,118.1,1.0098,0.9337,37.4
2026-08-24T22:13:38,1.933,117.8,0.9945,0.9337,37.4
2026-08-24T22:13:39,1.936,118.6,0.9920,0.9336,37.3
2026-08-24T22:13:40,1.885,118.6,1.0097,0.9336,37.4
2026-08-24T22:13:41,1.892,119.3,1.0039,0.9336,37.4
2026-08-24T22:13:42,1.905,119.6,1.0072,0.9336,37.4
2026-08-24T22:13:43,1.890,118.2,0.9932,0.9336,37.4
2026-08-24T22:13:44,1.914,119.3,1.0022,0.9335,37.4
2026-08-24T22:13:45,1.867,118.4,0.9923,0.9335,37.4
2026-08-24T22:13:46,1.900,119.8,1.0073,0.9335,37.5
2026-08-24T22:13:47,1.884,118.8,0.9931,0.9335,37.5
2026-08-24T22:13:48,1.855,119.1,0.9986,0.9335,37.6
2026-08-24T22:13:49,1.849,119.5,0.9917,0.9334,37.5
2026-08-24T22:13:50,1.888,119.6,0.9966,0.9334,37.6
2026-08-24T22:13:51,1.865,120.5,1.0076,0.9334,37.5
2026-08-24T22:13:52,1.872,119.1,0.9985,0.9334,37.6
2026-08-24T22:13:53,1.849,119.5,1.0009,0.9334,37.6
2026-08-24T22:13:54,1.860,120.0,0.9981,0.9333,37.6
2026-08-24T22:13:55,1.861,120.5,1.0096,0.9333,37.6
2026-08-24T22:13:56,1.840,119.1,0.9924,0.9333,37.6
2026-08-24T22:13:57,1.830,119.4,0.9967,0.9333,37.7
2026-08-24T22:13:58,1.856,119.5,1.0052,0.9333,37.7
2026-08-24T22:13:59,1.835,120.3,0.9916,0.9332,37.7
2026-08-24T22:14:00,1.853,121.0,1.0023,0.9332,37.7
2026-08-24T22:14:01,1.819,119.3,0.9902,0.9332,37.7
2026-08-24T22:14:02,1.808,121.1,1.0004,0.9332,37.8
2026-08-24T22:14:03,1.811,120.9,0.9977,0.9332,37.8
2026-08-24T22:14:04,1.819,120.4,0.9989,0.9331,37.8
2026-08-24T22:14:05,1.813,120.3,0.9985,0.9331,37.8
2026-08-24T22:14:06,1.813,121.5,0.9919,0.9331,37.8
2026-08-24T22:14:07,1.808,119.8,0.9943,0.9331,37.8
2026-08-24T22:14:08,1.814,120.0,1.0039,0.9331,37.9
2026-08-24T22:14:09,1.811,121.5,1.0053,0.9330,37.9
2026-08-24T22:14:10,1.801,121.1,1.0080,0.9330,37.9
2026-08-24T22:14:11,1.807,121.1,1.0044,0.9330,37.8
2026-08-24T22:14:12,1.820,120.7,0.9996,0.9330,37.9
2026-08-24T22:14:13,1.807,120.2,0.9963,0.9330,37.9
2026-08-24T22:14:14,1.801,120.8,1.0058,0.9329,37.9
2026-08-24T22:14:15,1.820,121.4,1.0081,0.9329,37.9
2026-08-24T22:14:16,1.790,122.0,1.0063,0.9329,38.0
2026-08-24T22:14:17,1.819,120.5,1.0023,0.9329,38.0
2026-08-24T22:14:18,1.786,122.4,1.0040,0.9329,38.1
2026-08-24T22:14:19,1.795,121.1,1.0089,0.9328,38.1
2026-08-24T22:14:20,1.824,121.3,0.9929,0.9328,38.1
2026-08-24T22:14:21,1.795,121.6,1.0071,0.9328,38.1
2026-08-24T22:14:22,1.794,122.0,0.9918,0.9328,38.2
2026-08-24T22:14:23,1.800,122.4,0.9986,0.9328,38.2
2026-08-24T22:14:24,1.789,122.4,0.9921,0.9327,38.2
2026-08-24T22:14:25,1.818,121.8,1.0027,0.9327,38.1
2026-08-24T22:14:26,1.782,122.0,0.9981,0.9327,38.1
2026-08-24T22:14:27,1.798,121.8,0.9902,0.9327,38.2
2026-08-24T22:14:28,1.805,121.6,0.9988,0.9326,38.2
2026-08-24T22:14:29,1.786,122.0,1.0008,0.9326,38.2
2026-08-24T22:14:30,1.808,121.7,1.0031,0.9326,38.3
2026-08-24T22:14:31,1.811,121.9,0.9956,0.9326,38.3
2026-08-24T22:14:32,1.787,123.1,1.0031,0.9326,38.3
2026-08-24T22:14:33,1.807,121.8,1.0006,0.9325,38.3
2026-08-24T22:14:34,1.818,122.3,0.9916,0.9325,38.3
2026-08-24T22:14:35,1.827,121.7,0.9957,0.9325,38.3
2026-08-24T22:14:36,1.822,123.2,1.0082,0.9325,38.3
2026-08-24T22:14:37,1.805,122.2,1.0013,0.9325,38.3
2026-08-24T22:14:38,1.806,122.8,0.9911,0.9324,38.3
2026-08-24T22:14:39,1.813,123.2,0.9912,0.9324,38.3
2026-08-24T22:14:40,1.814,122.9,0.9910,0.9324,38.3
2026-08-24T22:14:41,1.823,123.7,1.0041,0.9324,38.3
2026-08-24T22:14:42,1.842,122.5,1.0047,0.9324,38.3
2026-08-24T22:14:43,1.799,123.4,1.0082,0.9323,38.3
2026-08-24T22:14:44,1.825,122.2,0.9914,0.9323,38.4
2026-08-24T22:14:45,1.826,122.3,1.0015,0.9323,38.4
2026-08-24T22:14:46,1.817,123.9,0.9911,0.9323,38.4
2026-08-24T22:14:47,1.809,123.0,0.9973,0.9323,38.4
2026-08-24T22:14:48,1.836,123.8,1.0030,0.9323,38.3
2026-08-24T22:14:49,1.818,124.4,0.9980,0.9322,38.3
2026-08-24T22:14:50,1.832,123.1,0.9984,0.9322,38.3
2026-08-24T22:14:51,1.834,122.8,0.9904,0.9322,38.3
2026-08-24T22:14:52,1.836,123.8,0.9909,0.9322,38.3
2026-08-24T22:14:53,1.854,123.6,0.9947,0.9322,38.3
2026-08-24T22:14:54,1.839,123.3,0.9907,0.9321,38.3
2026-08-24T22:14:55,1.855,123.9,0.9973,0.9321,38.3
2026-08-24T22:14:56,1.838,124.1,0.9915,0.9321,38.3
2026-08-24T22:14:57,1.850,124.4,0.9917,0.9321,38.3
2026-08-24T22:14:58,1.882,123.8,1.0042,0.9321,38.3
2026-08-24T22:14:59,1.867,123.8,0.9973,0.9320,38.3
2026-08-24T22:15:00,1.860,123.1,1.0002,0.9320,38.4
2026-08-24T22:15:01,1.858,124.1,1.0032,0.9320,38.4
2026-08-24T22:15:02,1.906,124.4,1.0037,0.9320,38.4
2026-08-24T22:15:03,1.892,124.0,1.0071,0.9319,38.4
2026-08-24T22:15:04,1.911,123.9,1.0040,0.9319,38.4
2026-08-24T22:15:05,1.885,124.5,0.9999,0.9319,38.4
2026-08-24T22:15:06,1.880,124.8,0.9920,0.9319,38.4
2026-08-24T22:15:07,1.905,124.6,0.9976,0.9319,38.4
2026-08-24T22:15:08,1.908,124.5,0.9930,0.9318,38.4
2026-08-24T22:15:09,1.893,124.9,1.0025,0.9318,38.4
2026-08-24T22:15:10,1.908,124.7,0.9932,0.9318,38.4
2026-08-24T22:15:11,1.931,124.5,1.0008,0.9318,38.4
2026-08-24T22:15:12,1.909,124.0,0.9975,0.9318,38.4
2026-08-24T22:15:13,1.927,125.5,1.0027,0.9317,38.4
2026-08-24T22:15:14,1.940,125.5,1.0090,0.9317,38.4
2026-08-24T22:15:15,1.950,123.6,0.9944,0.9317,38.3
2026-08-24T22:15:16,1.927,125.0,1.0094,0.9317,38.3
2026-08-24T22:15:17,1.946,124.0,0.9919,0.9317,38.3
2026-08-24T22:15:18,1.978,125.7,0.9911,0.9316,38.3
2026-08-24T22:15:19,1.968,124.4,0.9959,0.9316,38.3
2026-08-24T22:15:20,1.987,125.6,1.0037,0.9316,38.2
2026-08-24T22:15:21,1.962,124.4,0.9934,0.9316,38.2
2026-08-24T22:15:22,1.960,125.4,0.9940,0.9316,38.2
2026-08-24T22:15:23,1.995,124.7,1.0013,0.9315,38.2
2026-08-24T22:15:24,1.978,124.0,0.9903,0.9315,38.2
2026-08-24T22:15:25,1.994,124.4,0.9988,0.9315,38.2
2026-08-24T22:15:26,1.996,124.6,1.0088,0.9315,38.2
2026-08-24T22:15:27,2.003,123.9,1.0025,0.9315,38.2
2026-08-24T22:15:28,1.994,125.8,0.9919,0.9314,38.2
2026-08-24T22:15:29,2.032,124.5,1.0022,0.9314,38.2
2026-08-24T22:15:30,2.021,124.5,0.9909,0.9314,38.1
2026-08-24T22:15:31,2.021,124.2,0.9950,0.9314,38.1
2026-08-24T22:15:32,2.047,125.7,1.0032,0.9314,38.0
2026-08-24T22:15:33,2.028,125.5,0.9982,0.9313,38.0
2026-08-24T22:15:34,2.028,125.3,1.0070,0.9313,37.9
2026-08-24T22:15:35,2.047,125.8,0.9938,0.9313,38.0
2026-08-24T22:15:36,2.069,125.3,0.9922,0.9313,37.9
2026-08-24T22:15:37,2.077,124.2,1.0044,0.9313,37.9
2026-08-24T22:15:38,2.089,124.8,0.9944,0.9312,37.8
2026-08-24T22:15:39,2.088,125.0,1.0032,0.9312,37.8
2026-08-24T22:15:40,2.066,124.9,1.0017,0.9312,37.7
2026-08-24T22:15:41,2.099,124.8,0.9959,0.9312,37.7
2026-08-24T22:15:42,2.101,125.9,0.9911,0.9312,37.7
2026-08-24T22:15:43,2.084,124.4,0.9955,0.9311,37.6
2026-08-24T22:15:44,2.121,125.4,1.0062,0.9311,37.5
2026-08-24T22:15:45,2.104,125.9,0.9929,0.9311,37.5
2026-08-24T22:15:46,2.098,125.3,0.9912,0.9311,37.5
2026-08-24T22:15:47,2.118,126.0,0.9901,0.9311,37.4
2026-08-24T22:15:48,2.146,124.3,0.9941,0.9310,37.4
2026-08-24T22:15:49,2.133,125.7,0.9922,0.9310,37.4
2026-08-24T22:15:50,2.145,125.5,1.0030,0.9310,37.4
2026-08-24T22:15:51,2.129,124.5,1.0005,0.9310,37.4
2026-08-24T22:15:52,2.158,125.4,1.0017,0.9310,37.3
2026-08-24T22:15:53,2.141,125.8,0.9901,0.9309,37.3
2026-08-24T22:15:54,2.154,125.5,0.9973,0.9309,37.3
2026-08-24T22:15:55,2.162,125.6,1.0028,0.9309,37.3
2026-08-24T22:15:56,2.161,124.4,1.0023,0.9309,37.3
2026-08-24T22:15:57,2.166,124.9,0.9920,0.9309,37.2
2026-08-24T22:15:58,2.168,124.5,0.9909,0.9308,37.2
2026-08-24T22:15:59,2.201,124.8,1.0042,0.9308,37.2
2026-08-24T22:16:00,2.191,125.3,0.9928,0.9308,37.2
2026-08-24T22:16:01,2.198,124.9,0.9923,0.9308,37.2
2026-08-24T22:16:02,2.222,125.7,0.9926,0.9308,37.2
2026-08-24T22:16:03,2.240,125.2,1.0052,0.9307,37.2
2026-08-24T22:16:04,2.201,125.1,1.0075,0.9307,37.2
2026-08-24T22:16:05,2.225,123.7,1.0029,0.9307,37.1
2026-08-24T22:16:06,2.225,124.8,0.9905,0.9307,37.1
2026-08-24T22:16:07,2.235,123.7,0.9937,0.9307,37.2
2026-08-24T22:16:08,2.262,124.5,0.9982,0.9306,37.2
2026-08-24T22:16:09,2.259,124.9,0.9968,0.9306,37.2
2026-08-24T22:16:10,2.258,125.4,0.9969,0.9306,37.1
2026-08-24T22:16:11,2.245,125.2,1.0040,0.9306,37.1
2026-08-24T22:16:12,2.290,124.0,1.0068,0.9306,37.1
2026-08-24T22:16:13,2.274,124.6,1.0042,0.9305,37.1
2026-08-24T22:16:14,2.294,124.6,1.0096,0.9305,37.1
2026-08-24T22:16:15,2.285,123.9,1.0097,0.9305,37.1
2026-08-24T22:16:16,2.266,123.9,1.0044,0.9305,37.2
2026-08-24T22:16:17,2.280,124.2,1.0020,0.9305,37.2
2026-08-24T22:16:18,2.291,123.7,1.0029,0.9304,37.2
2026-08-24T22:16:19,2.299,124.5,0.9912,0.9304,37.2
2026-08-24T22:16:20,2.314,124.8,0.9974,0.9304,37.2
2026-08-24T22:16:21,2.311,124.1,0.9914,0.9304,37.3
2026-08-24T22:16:22,2.311,124.1,0.9971,0.9304,37.3
2026-08-24T22:16:23,2.331,124.5,0.9963,0.9303,37.3
2026-08-24T22:16:24,2.342,123.7,1.0021,0.9303,37.3
2026-08-24T22:16:25,2.346,124.3,1.0048,0.9303,37.4
2026-08-24T22:16:26,2.351,124.4,1.0076,0.9303,37.3
2026-08-24T22:16:27,2.344,123.1,0.9988,0.9303,37.4
2026-08-24T22:16:28,2.349,124.5,1.0077,0.9302,37.4
2026-08-24T22:16:29,2.341,123.9,0.9962,0.9302,37.4
2026-08-24T22:16:30,2.327,123.8,1.0056,0.9302,37.4
2026-08-24T22:16:31,2.347,124.1,1.0014,0.9302,37.4
2026-08-24T22:16:32,2.335,122.8,0.9990,0.9302,37.4
2026-08-24T22:16:33,2.378,123.1,1.0089,0.9301,37.4
2026-08-24T22:16:34,2.364,122.9,1.0011,0.9301,37.4
2026-08-24T22:16:35,2.379,122.8,1.0022,0.9301,37.5
2026-08-24T22:16:36,2.379,123.8,0.9974,0.9301,37.5
2026-08-24T22:16:37,2.365,123.6,1.0003,0.9301,37.5
2026-08-24T22:16:38,2.379,123.4,0.9966,0.9300,37.6
2026-08-24T22:16:39,2.388,122.8,1.0096,0.9300,37.6
2026-08-24T22:16:40,2.353,122.8,0.9956,0.9300,37.6
2026-08-24T22:16:41,2.373,122.3,1.0059,0.9300,37.6
2026-08-24T22:16:42,2.400,123.3,0.9986,0.9300,37.6
2026-08-24T22:16:43,2.359,124.0,1.0054,0.9299,37.6
2026-08-24T22:16:44,2.380,123.6,1.0058,0.9299,37.6
2026-08-24T22:16:45,2.389,123.3,1.0007,0.9299,37.6
2026-08-24T22:16:46,2.366,123.5,1.0034,0.9299,37.6
2026-08-24T22:16:47,2.409,123.6,0.9953,0.9299,37.7
2026-08-24T22:16:48,2.406,122.9,1.0075,0.9298,37.7
2026-08-24T22:16:49,2.414,122.4,1.0086,0.9298,37.7
2026-08-24T22:16:50,2.404,122.3,1.0060,0.9298,37.7
2026-08-24T22:16:51,2.372,122.5,0.9911,0.9298,37.7
2026-08-24T22:16:52,2.375,123.0,1.0038,0.9298,37.7
2026-08-24T22:16:53,2.376,122.7,1.0070,0.9297,37.7
2026-08-24T22:16:54,2.405,121.6,0.9909,0.9297,37.8
2026-08-24T22:16:55,2.394,123.1,0.9932,0.9297,37.7
2026-08-24T22:16:56,2.382,121.9,0.9937,0.9297,37.7
2026-08-24T22:16:57,2.390,121.4,1.0098,0.9297,37.7
2026-08-24T22:16:58,2.412,122.4,1.0059,0.9296,37.8
2026-08-24T22:16:59,2.386,122.1,1.0052,0.9296,37.8
2026-08-24T22:17:00,2.390,122.3,1.0059,0.9296,37.8
2026-08-24T22:17:01,2.379,121.3,0.9993,0.9296,37.8
2026-08-24T22:17:02,2.410,121.5,1.0012,0.9296,37.8
2026-08-24T22:17:03,2.380,121.8,1.0029,0.9295,37.8
2026-08-24T22:17:04,2.421,121.3,1.0050,0.9295,37.8
2026-08-24T22:17:05,2.416,120.7,1.0099,0.9295,37.8
2026-08-24T22:17:06,2.407,120.8,0.9974,0.9295,37.8
2026-08-24T22:17:07,2.406,121.2,1.0081,0.9295,37.8
2026-08-24T22:17:08,2.414,120.9,0.9907,0.9294,37.8
2026-08-24T22:17:09,2.417,121.1,1.0032,0.9294,37.8
2026-08-24T22:17:10,2.370,121.8,0.9946,0.9294,37.8
2026-08-24T22:17:11,2.389,120.5,1.0071,0.9294,37.7
2026-08-24T22:17:12,2.372,120.2,1.0089,0.9294,37.8
2026-08-24T22:17:13,2.370,120.6,1.0000,0.9293,37.8
2026-08-24T22:17:14,2.380,121.9,0.9915,0.9293,37.8
2026-08-24T22:17:15,2.405,121.7,0.9963,0.9293,37.8
2026-08-24T22:17:16,2.406,121.3,0.9964,0.9293,37.8
2026-08-24T22:17:17,2.367,119.8,0.9916,0.9293,37.8
2026-08-24T22:17:18,2.364,120.7,1.0018,0.9292,37.8
2026-08-24T22:17:19,2.388,120.8,0.9914,0.9292,37.8
2026-08-24T22:17:20,2.370,120.1,1.0049,0.9292,37.8
2026-08-24T22:17:21,2.400,121.1,0.9902,0.9292,37.8
2026-08-24T22:17:22,2.397,119.8,0.9966,0.9292,37.8
2026-08-24T22:17:23,2.362,120.0,1.0090,0.9291,37.9
2026-08-24T22:17:24,2.359,119.8,1.0099,0.9291,37.9
2026-08-24T22:17:25,2.373,120.0,0.9990,0.9291,37.9
2026-08-24T22:17:26,2.366,120.7,0.9911,0.9291,37.9
2026-08-24T22:17:27,2.384,120.2,0.9954,0.9291,37.9
2026-08-24T22:17:28,2.350,119.1,0.9941,0.9290,37.9
2026-08-24T22:17:29,2.347,120.6,1.0004,0.9290,38.0
2026-08-24T22:17:30,2.345,119.7,0.9915,0.9290,38.0
2026-08-24T22:17:31,2.352,120.3,1.0044,0.9290,38.0
2026-08-24T22:17:32,2.336,119.4,1.0056,0.9290,38.0
2026-08-24T22:17:33,2.332,119.2,1.0061,0.9289,38.0
2026-08-24T22:17:34,2.337,119.0,0.9958,0.9289,38.1
2026-08-24T22:17:35,2.318,119.2,1.0012,0.9289,38.0
2026-08-24T22:17:36,2.311,119.2,0.9910,0.9289,38.1
2026-08-24T22:17:37,2.322,119.3,1.0016,0.9289,38.1
2026-08-24T22:17:38,2.346,120.1,0.9994,0.9288,38.1
2026-08-24T22:17:39,2.309,119.3,0.9968,0.9288,38.1
2026-08-24T22:17:40,2.315,120.0,1.0059,0.9288,38.1
2026-08-24T22:17:41,2.310,118.3,0.9918,0.9288,38.1
2026-08-24T22:17:42,2.300,119.3,0.9910,0.9288,38.1
2026-08-24T22:17:43,2.278,118.9,1.0081,0.9287,38.1
2026-08-24T22:17:44,2.300,118.1,1.0017,0.9287,38.1
2026-08-24T22:17:45,2.299,119.4,0.9993,0.9287,38.1
2026-08-24T22:17:46,2.276,117.6,0.9927,0.9287,38.0
2026-08-24T22:17:47,2.278,119.5,1.0032,0.9287,38.0
2026-08-24T22:17:48,2.298,117.6,1.0082,0.9286,38.0
2026-08-24T22:17:49,2.255,118.8,0.9981,0.9286,38.0
2026-08-24T22:17:50,2.264,117.8,1.0024,0.9286,38.0
2026-08-24T22:17:51,2.259,118.6,0.9936,0.9286,38.0
2026-08-24T22:17:52,2.257,118.1,0.9903,0.9286,38.0
2026-08-24T22:17:53,2.259,118.8,0.9971,0.9285,38.0
2026-08-24T22:17:54,2.227,118.5,1.0068,0.9285,38.0
2026-08-24T22:17:55,2.262,117.5,1.0025,0.9285,38.0
2026-08-24T22:17:56,2.242,117.0,1.0089,0.9285,37.9
2026-08-24T22:17:57,2.223,117.2,0.9900,0.9285,37.9
2026-08-24T22:17:58,2.221,117.1,1.0094,0.9284,37.9
2026-08-24T22:17:59,2.218,117.7,0.9901,0.9284,37.9
2026-08-24T22:18:00,2.211,118.6,1.0078,0.9284,37.9
2026-08-24T22:18:01,2.198,118.1,1.0071,0.9284,37.9
2026-08-24T22:18:02,2.209,116.6,1.0031,0.9284,37.9
2026-08-24T22:18:03,2.193,117.3,0.9922,0.9283,37.8
2026-08-24T22:18:04,2.201,118.2,1.0096,0.9283,37.8
2026-08-24T22:18:05,2.207,116.4,0.9948,0.9283,37.7
2026-08-24T22:18:06,2.159,118.2,1.0026,0.9283,37.7
2026-08-24T22:18:07,2.157,116.6,1.0012,0.9283,37.7
2026-08-24T22:18:08,2.192,116.9,1.0009,0.9282,37.7
2026-08-24T22:18:09,2.179,117.4,1.0044,0.9282,37.6
2026-08-24T22:18:10,2.147,116.1,0.9917,0.9282,37.6
2026-08-24T22:18:11,2.158,116.0,1.0029,0.9282,37.6
2026-08-24T22:18:12,2.124,115.9,0.9963,0.9282,37.6
2026-08-24T22:18:13,2.162,117.6,0.9939,0.9281,37.6
2026-08-24T22:18:14,2.114,116.4,0.9977,0.9281,37.6
2026-08-24T22:18:15,2.105,116.1,0.9963,0.9281,37.5
2026-08-24T22:18:16,2.146,116.8,0.9999,0.9281,37.6
2026-08-24T22:18:17,2.137,116.0,1.0026,0.9281,37.6
2026-08-24T22:18:18,2.125,116.2,0.9919,0.9280,37.6
2026-08-24T22:18:19,2.094,117.4,1.0005,0.9280,37.6
2026-08-24T22:18:20,2.103,116.6,1.0058,0.9280,37.5
2026-08-24T22:18:21,2.097,116.1,0.9961,0.9280,37.5
2026-08-24T22:18:22,2.079,116.6,1.0071,0.9280,37.4
2026-08-24T22:18:23,2.099,117.1,1.0056,0.9279,37.4
2026-08-24T22:18:24,2.055,117.2,1.0059,0.9279,37.4
2026-08-24T22:18:25,2.053,117.0,1.0068,0.9279,37.4
2026-08-24T22:18:26,2.084,117.1,0.9950,0.9279,37.4
2026-08-24T22:18:27,2.035,115.7,1.0091,0.9279,37.4
2026-08-24T22:18:28,2.026,116.3,1.0081,0.9278,37.4
2026-08-24T22:18:29,2.022,116.9,1.0036,0.9278,37.4
2026-08-24T22:18:30,2.025,116.5,0.9923,0.9278,37.3
2026-08-24T22:18:31,2.011,115.0,1.0071,0.9278,37.3
2026-08-24T22:18:32,2.015,116.8,0.9947,0.9278,37.3
2026-08-24T22:18:33,2.043,115.0,1.0006,0.9277,37.3
2026-08-24T22:18:34,1.996,115.9,1.0030,0.9277,37.3
2026-08-24T22:18:35,2.014,116.4,1.0082,0.9277,37.3
2026-08-24T22:18:36,1.980,115.3,0.9906,0.9277,37.3
2026-08-24T22:18:37,2.013,115.2,1.0097,0.9277,37.3
2026-08-24T22:18:38,1.980,116.4,0.9916,0.9276,37.3
2026-08-24T22:18:39,1.971,114.6,0.9936,0.9276,37.3
2026-08-24T22:18:40,1.967,115.1,1.0087,0.9276,37.3
2026-08-24T22:18:41,1.975,115.0,0.9990,0.9276,37.4
2026-08-24T22:18:42,1.984,114.8,0.9931,0.9276,37.3
2026-08-24T22:18:43,1.986,116.2,1.0026,0.9275,37.3
2026-08-24T22:18:44,1.975,114.6,0.9950,0.9275,37.3
2026-08-24T22:18:45,1.964,115.5,0.9911,0.9275,37.3
2026-08-24T22:18:46,1.951,116.2,1.0009,0.9275,37.4
2026-08-24T22:18:47,1.963,114.7,0.9945,0.9275,37.4
2026-08-24T22:18:48,1.932,114.6,0.9969,0.9274,37.4
2026-08-24T22:18:49,1.922,114.9,1.0069,0.9274,37.5
2026-08-24T22:18:50,1.951,115.0,0.9954,0.9274,37.4
2026-08-24T22:18:51,1.933,114.5,1.0013,0.9274,37.4
2026-08-24T22:18:52,1.943,114.7,1.0027,0.9274,37.4
2026-08-24T22:18:53,1.917,115.5,1.0029,0.9273,37.4
2026-08-24T22:18:54,1.885,114.4,0.9973,0.9273,37.5
2026-08-24T22:18:55,1.921,116.0,0.9945,0.9273,37.4
2026-08-24T22:18:56,1.904,114.4,0.9904,0.9273,37.4
2026-08-24T22:18:57,1.875,115.6,1.0066,0.9273,37.4
2026-08-24T22:18:58,1.870,114.1,1.0068,0.9272,37.4
2026-08-24T22:18:59,1.869,115.6,0.9980,0.9272,37.4
2026-08-24T22:19:00,1.887,114.7,0.9959,0.9272,37.4
2026-08-24T22:19:01,1.858,115.7,1.0031,0.9272,37.4
2026-08-24T22:19:02,1.876,114.9,1.0077,0.9272,37.5
2026-08-24T22:19:03,1.854,114.8,1.0013,0.9271,37.5
2026-08-24T22:19:04,1.859,116.0,0.9922,0.9271,37.5
2026-08-24T22:19:05,1.872,115.0,1.0020,0.9271,37.6
2026-08-24T22:19:06,1.883,114.7,1.0075,0.9271,37.6
2026-08-24T22:19:07,1.842,114.8,1.0003,0.9271,37.6
2026-08-24T22:19:08,1.855,114.3,0.9943,0.9270,37.6
2026-08-24T22:19:09,1.829,115.6,1.0097,0.9270,37.7
2026-08-24T22:19:10,1.825,115.0,0.9901,0.9270,37.7
2026-08-24T22:19:11,1.835,115.6,1.0092,0.9270,37.8
2026-08-24T22:19:12,1.830,114.6,1.0022,0.9270,37.8
2026-08-24T22:19:13,1.839,114.3,0.9970,0.9269,37.8
2026-08-24T22:19:14,1.814,115.6,0.9937,0.9269,37.8
2026-08-24T22:19:15,1.841,114.5,0.9975,0.9269,37.8
2026-08-24T22:19:16,1.833,114.1,0.9983,0.9269,37.8
2026-08-24T22:19:17,1.814,114.7,1.0037,0.9269,37.9
2026-08-24T22:19:18,1.815,115.0,1.0057,0.9269,37.8
2026-08-24T22:19:19,1.839,114.8,0.9947,0.9268,37.8
2026-08-24T22:19:20,1.830,115.8,1.0072,0.9268,37.8
2026-08-24T22:19:21,1.807,114.6,1.0034,0.9268,37.8
2026-08-24T22:19:22,1.813,114.4,0.9949,0.9268,37.9
2026-08-24T22:19:23,1.812,114.9,1.0024,0.9268,37.9
2026-08-24T22:19:24,1.798,115.4,0.9950,0.9267,37.8
2026-08-24T22:19:25,1.788,116.0,1.0094,0.9267,37.9
2026-08-24T22:19:26,1.827,114.2,0.9915,0.9267,37.9
2026-08-24T22:19:27,1.808,114.7,1.0049,0.9267,38.0
2026-08-24T22:19:28,1.795,114.3,1.0046,0.9267,37.9
2026-08-24T22:19:29,1.822,114.3,1.0058,0.9266,38.0
2026-08-24T22:19:30,1.813,115.3,0.9935,0.9266,38.0
2026-08-24T22:19:31,1.787,115.7,1.0084,0.9266,38.1
2026-08-24T22:19:32,1.794,115.6,0.9938,0.9266,38.1
2026-08-24T22:19:33,1.780,114.5,1.0057,0.9266,38.1
2026-08-24T22:19:34,1.788,115.5,1.0030,0.9265,38.1
2026-08-24T22:19:35,1.799,115.4,0.9923,0.9265,38.1
2026-08-24T22:19:36,1.785,116.2,1.0055,0.9265,38.1
2026-08-24T22:19:37,1.822,114.9,0.9914,0.9265,38.1
2026-08-24T22:19:38,1.810,115.8,1.0011,0.9265,38.1
2026-08-24T22:19:39,1.787,115.8,0.9971,0.9264,38.2
2026-08-24T22:19:40,1.822,115.9,1.0085,0.9264,38.1
2026-08-24T22:19:41,1.816,115.1,1.0004,0.9264,38.1
2026-08-24T22:19:42,1.783,116.3,0.9978,0.9264,38.1
2026-08-24T22:19:43,1.825,115.2,0.9937,0.9264,38.1
2026-08-24T22:19:44,1.817,114.6,1.0013,0.9263,38.2
2026-08-24T22:19:45,1.805,115.4,0.9942,0.9263,38.2
2026-08-24T22:19:46,1.784,116.6,1.0044,0.9263,38.2
2026-08-24T22:19:47,1.824,116.4,0.9955,0.9263,38.2
2026-08-24T22:19:48,1.783,114.7,1.0047,0.9262,38.2
2026-08-24T22:19:49,1.807,114.8,0.9982,0.9262,38.3
2026-08-24T22:19:50,1.825,115.5,1.0015,0.9262,38.3
2026-08-24T22:19:51,1.805,116.0,0.9986,0.9262,38.4
2026-08-24T22:19:52,1.833,114.9,0.9989,0.9262,38.4
2026-08-24T22:19:53,1.791,116.3,0.9947,0.9261,38.4
2026-08-24T22:19:54,1.791,115.7,1.0083,0.9261,38.4
2026-08-24T22:19:55,1.800,116.6,1.0071,0.9261,38.4
2026-08-24T22:19:56,1.828,116.1,0.9994,0.9261,38.5
2026-08-24T22:19:57,1.800,116.9,1.0080,0.9261,38.5
2026-08-24T22:19:58,1.800,116.6,1.0062,0.9260,38.5
2026-08-24T22:19:59,1.814,116.8,1.0004,0.9260,38.6
2026-08-24T22:20:00,1.818,116.0,1.0039,0.9260,38.6
2026-08-24T22:20:01,1.828,116.8,1.0094,0.9260,38.6
2026-08-24T22:20:02,1.811,117.1,1.0023,0.9260,38.6
2026-08-24T22:20:03,1.854,116.1,1.0018,0.9259,38.6
2026-08-24T22:20:04,1.862,116.3,1.0093,0.9259,38.7
2026-08-24T22:20:05,1.825,115.7,0.9917,0.9259,38.7
2026-08-24T22:20:06,1.858,116.1,1.0045,0.9259,38.6
2026-08-24T22:20:07,1.864,117.5,1.0058,0.9259,38.6
2026-08-24T22:20:08,1.862,117.4,1.0036,0.9258,38.7
2026-08-24T22:20:09,1.834,115.8,1.0084,0.9258,38.6
2026-08-24T22:20:10,1.870,116.8,0.9923,0.9258,38.6
2026-08-24T22:20:11,1.861,116.3,0.9921,0.9258,38.6
2026-08-24T22:20:12,1.845,117.6,1.0071,0.9258,38.6
2026-08-24T22:20:13,1.891,117.0,1.0085,0.9257,38.6
2026-08-24T22:20:14,1.856,116.5,0.9940,0.9257,38.6
2026-08-24T22:20:15,1.879,116.1,1.0030,0.9257,38.5
2026-08-24T22:20:16,1.880,117.0,1.0067,0.9257,38.5
2026-08-24T22:20:17,1.864,117.7,1.0097,0.9257,38.5
2026-08-24T22:20:18,1.871,116.4,1.0073,0.9256,38.5
2026-08-24T22:20:19,1.892,117.3,1.0050,0.9256,38.4
2026-08-24T22:20:20,1.889,117.6,1.0059,0.9256,38.5
2026-08-24T22:20:21,1.883,118.4,1.0041,0.9256,38.5
2026-08-24T22:20:22,1.886,116.8,0.9974,0.9256,38.5
2026-08-24T22:20:23,1.932,116.9,1.0021,0.9255,38.4
2026-08-24T22:20:24,1.915,116.7,0.9936,0.9255,38.4
2026-08-24T22:20:25,1.901,117.3,0.9942,0.9255,38.5
2026-08-24T22:20:26,1.935,118.2,1.0052,0.9255,38.5
2026-08-24T22:20:27,1.911,117.8,0.9907,0.9255,38.5
2026-08-24T22:20:28,1.957,118.2,1.0071,0.9254,38.5
2026-08-24T22:20:29,1.936,118.1,1.0080,0.9254,38.5
2026-08-24T22:20:30,1.943,118.9,1.0022,0.9254,38.5
2026-08-24T22:20:31,1.964,117.5,1.0091,0.9254,38.5
2026-08-24T22:20:32,1.936,119.1,1.0045,0.9254,38.5
2026-08-24T22:20:33,1.943,118.6,0.9907,0.9253,38.5
2026-08-24T22:20:34,1.958,119.3,0.9906,0.9253,38.5
2026-08-24T22:20:35,1.963,118.6,1.0050,0.9253,38.5
2026-08-24T22:20:36,1.994,118.8,1.0019,0.9253,38.5
2026-08-24T22:20:37,1.978,117.7,0.9954,0.9253,38.5
2026-08-24T22:20:38,1.981,118.9,0.9962,0.9252,38.5
2026-08-24T22:20:39,2.012,118.9,1.0054,0.9252,38.5
2026-08-24T22:20:40,1.980,119.5,1.0020,0.9252,38.6
2026-08-24T22:20:41,1.998,119.1,0.9954,0.9252,38.5
2026-08-24T22:20:42,2.016,118.6,0.9989,0.9252,38.6
2026-08-24T22:20:43,2.003,119.9,1.0039,0.9251,38.5
2026-08-24T22:20:44,2.012,118.5,0.9982,0.9251,38.5
2026-08-24T22:20:45,2.041,120.0,0.9960,0.9251,38.5
2026-08-24T22:20:46,2.034,120.1,0.9983,0.9251,38.5
2026-08-24T22:20:47,2.057,120.1,0.9994,0.9251,38.5
2026-08-24T22:20:48,2.028,119.0,0.9974,0.9250,38.4
2026-08-24T22:20:49,2.058,120.2,1.0056,0.9250,38.4
2026-08-24T22:20:50,2.060,119.8,1.0035,0.9250,38.4
2026-08-24T22:20:51,2.064,119.9,0.9957,0.9250,38.4
2026-08-24T22:20:52,2.089,118.8,1.0094,0.9250,38.4
2026-08-24T22:20:53,2.062,120.4,0.9951,0.9250,38.3
2026-08-24T22:20:54,2.074,119.7,1.0034,0.9249,38.3
2026-08-24T22:20:55,2.077,119.6,0.9903,0.9249,38.2
2026-08-24T22:20:56,2.083,119.1,0.9980,0.9249,38.2
2026-08-24T22:20:57,2.094,119.7,1.0068,0.9249,38.2
2026-08-24T22:20:58,2.085,119.4,1.0005,0.9249,38.1
2026-08-24T22:20:59,2.116,120.7,0.9999,0.9248,38.1
2026-08-24T22:21:00,2.138,120.0,0.9960,0.9248,38.1
2026-08-24T22:21:01,2.135,120.1,0.9961,0.9248,38.0
2026-08-24T22:21:02,2.148,121.0,0.9920,0.9248,38.0
2026-08-24T22:21:03,2.153,120.5,0.9989,0.9248,38.0
2026-08-24T22:21:04,2.148,119.7,1.0027,0.9247,38.0
2026-08-24T22:21:05,2.171,119.7,1.0094,0.9247,37.9
2026-08-24T22:21:06,2.180,120.4,1.0004,0.9247,37.9
2026-08-24T22:21:07,2.143,121.4,1.0096,0.9247,37.8
2026-08-24T22:21:08,2.169,121.2,1.0097,0.9247,37.8
2026-08-24T22:21:09,2.149,120.4,1.0049,0.9246,37.7
2026-08-24T22:21:10,2.175,120.7,1.0074,0.9246,37.7
2026-08-24T22:21:11,2.184,121.4,1.0022,0.9246,37.7
2026-08-24T22:21:12,2.200,120.5,0.9915,0.9246,37.7
2026-08-24T22:21:13,2.201,120.5,1.0093,0.9246,37.6
2026-08-24T22:21:14,2.184,120.4,1.0063,0.9245,37.6
2026-08-24T22:21:15,2.229,121.3,1.0025,0.9245,37.6
2026-08-24T22:21:16,2.228,122.2,0.9902,0.9245,37.5
2026-08-24T22:21:17,2.237,120.6,0.9991,0.9245,37.5
2026-08-24T22:21:18,2.225,120.7,1.0026,0.9245,37.5
2026-08-24T22:21:19,2.253,120.6,1.0016,0.9244,37.5
2026-08-24T22:21:20,2.236,122.2,1.0097,0.9244,37.5
2026-08-24T22:21:21,2.254,121.3,1.0007,0.9244,37.5
2026-08-24T22:21:22,2.231,121.1,0.9979,0.9244,37.5
2026-08-24T22:21:23,2.254,122.7,0.9944,0.9244,37.5
2026-08-24T22:21:24,2.277,121.9,1.0081,0.9243,37.4
2026-08-24T22:21:25,2.276,122.3,1.0052,0.9243,37.5
2026-08-24T22:21:26,2.260,122.5,0.9926,0.9243,37.5
2026-08-24T22:21:27,2.282,121.9,0.9996,0.9243,37.5
2026-08-24T22:21:28,2.266,122.5,1.0062,0.9243,37.5
2026-08-24T22:21:29,2.289,121.7,1.0032,0.9242,37.5
2026-08-24T22:21:30,2.306,121.9,1.0011,0.9242,37.5
2026-08-24T22:21:31,2.269,122.6,0.9950,0.9242,37.5
2026-08-24T22:21:32,2.309,123.0,1.0040,0.9242,37.5
2026-08-24T22:21:33,2.314,123.4,0.9984,0.9242,37.5
2026-08-24T22:21:34,2.308,123.5,1.0000,0.9241,37.5
2026-08-24T22:21:35,2.285,122.8,0.9917,0.9241,37.5
2026-08-24T22:21:36,2.299,123.4,0.9973,0.9241,37.6
2026-08-24T22:21:37,2.293,123.1,1.0001,0.9241,37.6
2026-08-24T22:21:38,2.324,123.5,1.0006,0.9241,37.7
2026-08-24T22:21:39,2.319,123.8,0.9949,0.9240,37.7
2026-08-24T22:21:40,2.348,122.5,0.9924,0.9240,37.7
2026-08-24T22:21:41,2.331,123.6,1.0006,0.9240,37.6
2026-08-24T22:21:42,2.318,124.0,0.9972,0.9240,37.6
2026-08-24T22:21:43,2.319,122.4,0.9932,0.9240,37.7
2026-08-24T22:21:44,2.338,123.7,0.9947,0.9239,37.7
2026-08-24T22:21:45,2.331,123.8,0.9975,0.9239,37.7
2026-08-24T22:21:46,2.356,123.8,1.0053,0.9239,37.8
2026-08-24T22:21:47,2.368,124.1,1.0041,0.9239,37.8
2026-08-24T22:21:48,2.377,123.1,1.0040,0.9239,37.8
2026-08-24T22:21:49,2.346,123.3,0.9909,0.9238,37.7
2026-08-24T22:21:50,2.379,123.7,0.9951,0.9238,37.8
2026-08-24T22:21:51,2.390,123.7,0.9996,0.9238,37.8
2026-08-24T22:21:52,2.371,124.7,1.0069,0.9238,37.9
2026-08-24T22:21:53,2.384,123.0,0.9975,0.9238,37.9
2026-08-24T22:21:54,2.382,124.2,0.9971,0.9237,38.0
2026-08-24T22:21:55,2.370,124.6,0.9992,0.9237,38.0
2026-08-24T22:21:56,2.361,124.3,0.9902,0.9237,38.0
2026-08-24T22:21:57,2.369,124.1,0.9939,0.9237,38.0
2026-08-24T22:21:58,2.393,123.7,1.0006,0.9237,38.0
2026-08-24T22:21:59,2.398,124.9,0.9922,0.9236,38.1
2026-08-24T22:22:00,2.383,123.1,1.0036,0.9236,38.1
2026-08-24T22:22:01,2.402,124.7,1.0082,0.9236,38.1
2026-08-24T22:22:02,2.380,123.4,0.9974,0.9236,38.1
2026-08-24T22:22:03,2.411,124.0,1.0019,0.9236,38.1
2026-08-24T22:22:04,2.400,124.0,0.9937,0.9235,38.1
2026-08-24T22:22:05,2.377,124.6,1.0002,0.9235,38.1
2026-08-24T22:22:06,2.399,124.2,0.9947,0.9235,38.1
2026-08-24T22:22:07,2.386,125.3,1.0088,0.9235,38.1
2026-08-24T22:22:08,2.411,125.4,0.9946,0.9235,38.2
2026-08-24T22:22:09,2.383,124.5,1.0000,0.9234,38.2
2026-08-24T22:22:10,2.400,124.7,1.0059,0.9234,38.2
2026-08-24T22:22:11,2.415,124.7,1.0054,0.9234,38.2
2026-08-24T22:22:12,2.388,125.2,1.0021,0.9234,38.2
2026-08-24T22:22:13,2.403,123.8,0.9959,0.9234,38.3
2026-08-24T22:22:14,2.387,124.2,0.9960,0.9233,38.3
2026-08-24T22:22:15,2.404,124.3,0.9907,0.9233,38.3
2026-08-24T22:22:16,2.377,124.8,1.0002,0.9233,38.2
2026-08-24T22:22:17,2.407,125.2,1.0072,0.9233,38.2
2026-08-24T22:22:18,2.378,124.7,1.0087,0.9233,38.2
2026-08-24T22:22:19,2.394,123.8,1.0018,0.9232,38.2
2026-08-24T22:22:20,2.389,124.1,1.0003,0.9232,38.2
2026-08-24T22:22:21,2.413,123.8,1.0079,0.9232,38.2
2026-08-24T22:22:22,2.376,124.6,1.0042,0.9232,38.2
2026-08-24T22:22:23,2.388,125.1,0.9912,0.9232,38.2
2026-08-24T22:22:24,2.376,124.6,0.9997,0.9231,38.2
2026-08-24T22:22:25,2.416,125.3,0.9975,0.9231,38.2
2026-08-24T22:22:26,2.395,125.8,1.0026,0.9231,38.2
2026-08-24T22:22:27,2.398,125.3,1.0049,0.9231,38.2
2026-08-24T22:22:28,2.398,124.9,0.9927,0.9231,38.2
2026-08-24T22:22:29,2.364,124.2,1.0077,0.9230,38.2
2026-08-24T22:22:30,2.408,125.3,0.9927,0.9230,38.2
2026-08-24T22:22:31,2.392,125.0,0.9918,0.9230,38.2
2026-08-24T22:22:32,2.370,124.7,1.0096,0.9230,38.2
2026-08-24T22:22:33,2.357,125.3,0.9950,0.9230,38.3
2026-08-24T22:22:34,2.388,125.8,1.0061,0.9229,38.3
2026-08-24T22:22:35,2.384,125.9,0.9967,0.9229,38.3
2026-08-24T22:22:36,2.397,124.6,0.9935,0.9229,38.3
2026-08-24T22:22:37,2.386,125.5,0.9922,0.9229,38.3
2026-08-24T22:22:38,2.369,125.3,1.0051,0.9229,38.3
2026-08-24T22:22:39,2.382,125.3,0.9976,0.9228,38.4
2026-08-24T22:22:40,2.371,125.6,0.9985,0.9228,38.3
2026-08-24T22:22:41,2.365,124.7,0.9996,0.9228,38.4
2026-08-24T22:22:42,2.347,125.2,1.0041,0.9228,38.4
2026-08-24T22:22:43,2.349,124.6,0.9932,0.9228,38.4
2026-08-24T22:22:44,2.362,124.3,0.9910,0.9227,38.5
2026-08-24T22:22:45,2.347,125.9,1.0020,0.9227,38.5
2026-08-24T22:22:46,2.348,124.2,0.9946,0.9227,38.4
2026-08-24T22:22:47,2.366,125.9,1.0052,0.9227,38.5
2026-08-24T22:22:48,2.362,124.4,1.0039,0.9227,38.5
2026-08-24T22:22:49,2.357,125.7,0.9995,0.9226,38.5
2026-08-24T22:22:50,2.325,124.9,1.0036,0.9226,38.5
2026-08-24T22:22:51,2.315,124.0,1.0028,0.9226,38.5
2026-08-24T22:22:52,2.319,125.7,0.9994,0.9226,38.4
2026-08-24T22:22:53,2.306,124.1,0.9915,0.9226,38.4
2026-08-24T22:22:54,2.310,125.0,0.9906,0.9225,38.4
2026-08-24T22:22:55,2.330,124.6,0.9911,0.9225,38.4
2026-08-24T22:22:56,2.296,125.6,1.0082,0.9225,38.4
2026-08-24T22:22:57,2.289,125.4,0.9991,0.9225,38.4
2026-08-24T22:22:58,2.277,124.8,1.0072,0.9225,38.4
2026-08-24T22:22:59,2.310,125.7,1.0007,0.9224,38.4
2026-08-24T22:23:00,2.310,124.1,0.9953,0.9224,38.4
2026-08-24T22:23:01,2.290,125.0,1.0005,0.9224,38.4
2026-08-24T22:23:02,2.296,124.2,1.0065,0.9224,38.4
2026-08-24T22:23:03,2.281,125.0,0.9943,0.9224,38.4
2026-08-24T22:23:04,2.248,125.3,1.0067,0.9223,38.4
2026-08-24T22:23:05,2.243,123.7,1.0028,0.9223,38.4
2026-08-24T22:23:06,2.261,124.4,0.9949,0.9223,38.4
2026-08-24T22:23:07,2.261,123.9,0.9973,0.9223,38.4
2026-08-24T22:23:08,2.254,123.8,1.0009,0.9223,38.4
2026-08-24T22:23:09,2.230,124.2,1.0092,0.9222,38.4
2026-08-24T22:23:10,2.246,124.6,0.9936,0.9222,38.4
2026-08-24T22:23:11,2.235,123.6,0.9910,0.9222,38.4
2026-08-24T22:23:12,2.242,125.1,0.9955,0.9222,38.4
2026-08-24T22:23:13,2.201,124.8,0.9970,0.9222,38.3
2026-08-24T22:23:14,2.197,123.6,1.0031,0.9221,38.3
2026-08-24T22:23:15,2.230,124.4,0.9914,0.9221,38.3
2026-08-24T22:23:16,2.199,124.6,0.9995,0.9221,38.3
2026-08-24T22:23:17,2.192,124.9,1.0087,0.9221,38.3
2026-08-24T22:23:18,2.185,124.3,0.9979,0.9221,38.3
2026-08-24T22:23:19,2.200,123.8,0.9902,0.9220,38.3
2026-08-24T22:23:20,2.177,123.6,0.9916,0.9220,38.2
2026-08-24T22:23:21,2.152,123.3,1.0092,0.9220,38.1
2026-08-24T22:23:22,2.163,124.5,1.0020,0.9220,38.1
2026-08-24T22:23:23,2.162,124.6,1.0059,0.9220,38.1
2026-08-24T22:23:24,2.176,123.8,1.0079,0.9219,38.0
2026-08-24T22:23:25,2.151,123.5,1.0093,0.9219,38.0
2026-08-24T22:23:26,2.167,124.6,0.9974,0.9219,37.9
2026-08-24T22:23:27,2.119,123.5,1.0039,0.9219,37.9
2026-08-24T22:23:28,2.111,124.5,1.0013,0.9219,37.8
2026-08-24T22:23:29,2.132,122.9,1.0029,0.9218,37.8
2026-08-24T22:23:30,2.120,123.8,1.0056,0.9218,37.7
2026-08-24T22:23:31,2.100,123.0,1.0066,0.9218,37.7
2026-08-24T22:23:32,2.108,122.8,0.9960,0.9218,37.7
2026-08-24T22:23:33,2.085,124.2,1.0053,0.9218,37.7
2026-08-24T22:23:34,2.083,123.5,1.0045,0.9217,37.6
2026-08-24T22:23:35,2.078,124.2,1.0069,0.9217,37.6
2026-08-24T22:23:36,2.070,123.0,1.0037,0.9217,37.5
2026-08-24T22:23:37,2.095,123.7,0.9960,0.9217,37.5
2026-08-24T22:23:38,2.053,122.4,1.0068,0.9217,37.5
2026-08-24T22:23:39,2.062,122.9,1.0067,0.9216,37.5
2026-08-24T22:23:40,2.061,123.3,1.0081,0.9216,37.5
2026-08-24T22:23:41,2.053,123.3,0.9939,0.9216,37.5
2026-08-24T22:23:42,2.045,122.9,1.0073,0.9216,37.4
2026-08-24T22:23:43,2.060,122.9,1.0011,0.9216,37.4
2026-08-24T22:23:44,2.031,122.9,1.0009,0.9215,37.4
2026-08-24T22:23:45,2.034,122.5,1.0092,0.9215,37.4
2026-08-24T22:23:46,2.009,122.2,1.0066,0.9215,37.4
2026-08-24T22:23:47,2.035,121.8,1.0014,0.9215,37.3
2026-08-24T22:23:48,2.007,122.3,1.0005,0.9215,37.4
2026-08-24T22:23:49,2.030,121.8,1.0048,0.9214,37.3
2026-08-24T22:23:50,1.999,121.6,1.0086,0.9214,37.3
2026-08-24T22:23:51,2.004,123.5,1.0093,0.9214,37.3
2026-08-24T22:23:52,1.972,122.4,1.0084,0.9214,37.3
2026-08-24T22:23:53,2.010,122.8,1.0091,0.9214,37.3
2026-08-24T22:23:54,1.970,122.9,1.0081,0.9213,37.3
2026-08-24T22:23:55,1.988,121.9,1.0095,0.9213,37.3
2026-08-24T22:23:56,1.987,122.5,1.0086,0.9213,37.3
2026-08-24T22:23:57,1.947,122.3,0.9907,0.9213,37.3
2026-08-24T22:23:58,1.970,122.1,1.0026,0.9213,37.3
2026-08-24T22:23:59,1.939,121.6,1.0005,0.9212,37.3
2026-08-24T22:24:00,1.931,122.5,0.9956,0.9212,37.3
2026-08-24T22:24:01,1.921,121.4,1.0051,0.9212,37.3
2026-08-24T22:24:02,1.954,121.7,0.9912,0.9212,37.4
2026-08-24T22:24:03,1.915,122.4,1.0000,0.9212,37.4
2026-08-24T22:24:04,1.932,122.1,1.0003,0.9211,37.4
2026-08-24T22:24:05,1.943,121.3,0.9994,0.9211,37.4
2026-08-24T22:24:06,1.905,120.5,1.0066,0.9211,37.5
2026-08-24T22:24:07,1.920,121.9,1.0060,0.9211,37.4
2026-08-24T22:24:08,1.891,122.1,1.0048,0.9211,37.5
2026-08-24T22:24:09,1.901,121.9,1.0060,0.9210,37.5
2026-08-24T22:24:10,1.893,121.1,1.0017,0.9210,37.5
2026-08-24T22:24:11,1.898,121.0,1.0011,0.9210,37.5
2026-08-24T22:24:12,1.900,121.2,1.0000,0.9210,37.5
2026-08-24T22:24:13,1.876,120.7,1.0082,0.9210,37.5
2026-08-24T22:24:14,1.902,120.1,1.0055,0.9209,37.6
2026-08-24T22:24:15,1.894,120.7,1.0028,0.9209,37.6
2026-08-24T22:24:16,1.895,119.9,0.9940,0.9209,37.6
2026-08-24T22:24:17,1.870,120.9,1.0020,0.9209,37.6
2026-08-24T22:24:18,1.861,120.0,0.9986,0.9208,37.6
2026-08-24T22:24:19,1.849,120.3,1.0050,0.9208,37.6
2026-08-24T22:24:20,1.871,119.7,1.0023,0.9208,37.6
2026-08-24T22:24:21,1.839,120.8,1.0067,0.9208,37.7
2026-08-24T22:24:22,1.842,120.2,1.0046,0.9208,37.7
2026-08-24T22:24:23,1.873,121.0,0.9942,0.9207,37.6
2026-08-24T22:24:24,1.848,121.0,1.0029,0.9207,37.6
2026-08-24T22:24:25,1.823,119.7,1.0000,0.9207,37.6
2026-08-24T22:24:26,1.844,119.3,1.0000,0.9207,37.6
2026-08-24T22:24:27,1.826,119.1,0.9987,0.9207,37.7
2026-08-24T22:24:28,1.837,118.9,1.0024,0.9207,37.7
2026-08-24T22:24:29,1.810,120.6,0.9944,0.9206,37.7
2026-08-24T22:24:30,1.845,120.2,0.9967,0.9206,37.8
2026-08-24T22:24:31,1.824,119.4,0.9953,0.9206,37.8
2026-08-24T22:24:32,1.843,119.8,0.9976,0.9206,37.8
2026-08-24T22:24:33,1.818,120.0,1.0041,0.9206,37.8
2026-08-24T22:24:34,1.808,119.1,1.0086,0.9205,37.9
2026-08-24T22:24:35,1.819,119.3,1.0021,0.9205,37.8
2026-08-24T22:24:36,1.822,119.4,0.9909,0.9205,37.8
2026-08-24T22:24:37,1.827,119.1,0.9910,0.9205,37.9
2026-08-24T22:24:38,1.812,119.2,0.9918,0.9205,37.9
2026-08-24T22:24:39,1.816,119.8,1.0004,0.9204,37.9
2026-08-24T22:24:40,1.788,119.3,0.9925,0.9204,38.0
2026-08-24T22:24:41,1.794,119.8,0.9968,0.9204,38.0
2026-08-24T22:24:42,1.823,119.6,0.9972,0.9204,38.0
2026-08-24T22:24:43,1.825,118.3,0.9991,0.9204,38.0
2026-08-24T22:24:44,1.813,117.8,1.0081,0.9203,38.1
2026-08-24T22:24:45,1.813,118.5,1.0008,0.9203,38.1
2026-08-24T22:24:46,1.778,119.1,1.0029,0.9203,38.1
2026-08-24T22:24:47,1.778,118.5,0.9951,0.9203,38.1
2026-08-24T22:24:48,1.778,118.4,1.0041,0.9202,38.1
2026-08-24T22:24:49,1.796,118.3,0.9910,0.9202,38.1
2026-08-24T22:24:50,1.822,118.1,0.9933,0.9202,38.1
2026-08-24T22:24:51,1.813,117.4,1.0061,0.9202,38.1
2026-08-24T22:24:52,1.824,118.0,1.0028,0.9202,38.1
2026-08-24T22:24:53,1.800,118.7,0.9925,0.9201,38.2
2026-08-24T22:24:54,1.786,118.8,0.9996,0.9201,38.2
2026-08-24T22:24:55,1.792,117.1,1.0011,0.9201,38.2
2026-08-24T22:24:56,1.819,117.8,0.9995,0.9201,38.2
2026-08-24T22:24:57,1.790,116.8,1.0038,0.9201,38.2
2026-08-24T22:24:58,1.799,118.5,0.9927,0.9200,38.2
2026-08-24T22:24:59,1.798,117.4,0.9930,0.9200,38.2
2026-08-24T22:25:00,1.812,118.2,1.0096,0.9200,38.3
2026-08-24T22:25:01,1.795,117.9,0.9977,0.9200,38.2
2026-08-24T22:25:02,1.806,116.8,1.0051,0.9200,38.2
2026-08-24T22:25:03,1.812,116.6,0.9966,0.9199,38.3
2026-08-24T22:25:04,1.793,117.7,0.9998,0.9199,38.3
2026-08-24T22:25:05,1.811,116.3,0.9939,0.9199,38.3
2026-08-24T22:25:06,1.801,116.8,1.0068,0.9199,38.3
2026-08-24T22:25:07,1.834,118.0,1.0096,0.9199,38.3
2026-08-24T22:25:08,1.826,117.2,0.9944,0.9198,38.4
2026-08-24T22:25:09,1.833,116.4,0.9952,0.9198,38.4
2026-08-24T22:25:10,1.825,116.6,1.0024,0.9198,38.4
2026-08-24T22:25:11,1.804,116.2,0.9987,0.9198,38.4
2026-08-24T22:25:12,1.823,117.5,0.9907,0.9198,38.5
2026-08-24T22:25:13,1.813,116.8,1.0005,0.9197,38.4
2026-08-24T22:25:14,1.845,116.5,0.9994,0.9197,38.5
2026-08-24T22:25:15,1.834,116.1,1.0085,0.9197,38.5
2026-08-24T22:25:16,1.813,116.4,1.0060,0.9197,38.5
2026-08-24T22:25:17,1.853,116.9,0.9921,0.9197,38.5
2026-08-24T22:25:18,1.856,116.3,1.0035,0.9197,38.5
2026-08-24T22:25:19,1.840,116.7,0.9943,0.9196,38.5
2026-08-24T22:25:20,1.831,117.2,1.0096,0.9196,38.5
2026-08-24T22:25:21,1.826,117.3,0.9958,0.9196,38.5
2026-08-24T22:25:22,1.843,117.3,0.9936,0.9196,38.5
2026-08-24T22:25:23,1.846,116.5,0.9939,0.9196,38.5
2026-08-24T22:25:24,1.848,115.5,0.9977,0.9195,38.5
2026-08-24T22:25:25,1.846,116.3,0.9996,0.9195,38.5
2026-08-24T22:25:26,1.853,116.6,1.0068,0.9195,38.5
2026-08-24T22:25:27,1.888,115.2,1.0011,0.9195,38.5
2026-08-24T22:25:28,1.852,116.4,0.9964,0.9195,38.6
2026-08-24T22:25:29,1.864,116.2,1.0018,0.9194,38.5
2026-08-24T22:25:30,1.903,116.4,0.9965,0.9194,38.5
2026-08-24T22:25:31,1.889,115.7,1.0052,0.9194,38.5
2026-08-24T22:25:32,1.867,116.1,1.0100,0.9194,38.6
2026-08-24T22:25:33,1.874,115.5,1.0076,0.9194,38.5
2026-08-24T22:25:34,1.900,115.8,0.9986,0.9193,38.5
2026-08-24T22:25:35,1.890,115.0,1.0091,0.9193,38.6
2026-08-24T22:25:36,1.904,116.2,1.0085,0.9193,38.6
2026-08-24T22:25:37,1.910,115.7,1.0032,0.9193,38.6
2026-08-24T22:25:38,1.933,115.4,0.9955,0.9192,38.6
2026-08-24T22:25:39,1.917,116.1,1.0045,0.9192,38.6
2026-08-24T22:25:40,1.934,116.0,1.0030,0.9192,38.5
2026-08-24T22:25:41,1.941,114.9,0.9939,0.9192,38.5
2026-08-24T22:25:42,1.945,114.7,1.0069,0.9192,38.5
2026-08-24T22:25:43,1.931,116.6,0.9920,0.9191,38.5
2026-08-24T22:25:44,1.957,115.4,1.0096,0.9191,38.5
2026-08-24T22:25:45,1.957,115.4,1.0041,0.9191,38.5
2026-08-24T22:25:46,1.948,114.3,1.0043,0.9191,38.4
2026-08-24T22:25:47,1.967,116.3,0.9922,0.9191,38.5
2026-08-24T22:25:48,1.954,115.0,0.9975,0.9190,38.4
2026-08-24T22:25:49,1.958,114.6,1.0012,0.9190,38.5
2026-08-24T22:25:50,1.973,115.5,1.0107,0.9190,38.5
2026-08-24T22:25:51,1.968,114.8,1.0015,0.9190,38.5
2026-08-24T22:25:52,1.994,115.4,0.9959,0.9190,38.5
2026-08-24T22:25:53,1.985,114.1,0.9994,0.9189,38.5
2026-08-24T22:25:54,1.980,115.7,1.0100,0.9189,38.4
2026-08-24T22:25:55,2.030,114.6,1.0054,0.9189,38.4
2026-08-24T22:25:56,2.037,114.8,0.9952,0.9189,38.4
2026-08-24T22:25:57,2.012,116.2,1.0088,0.9189,38.3
2026-08-24T22:25:58,2.035,114.5,0.9962,0.9188,38.2
2026-08-24T22:25:59,2.018,115.8,1.0100,0.9188,38.3
2026-08-24T22:26:00,2.041,115.1,0.9967,0.9188,38.3
2026-08-24T22:26:01,2.036,115.4,1.0099,0.9188,38.2
2026-08-24T22:26:02,2.046,116.3,0.9937,0.9188,38.2
2026-08-24T22:26:03,2.031,114.3,1.0054,0.9187,38.1
2026-08-24T22:26:04,2.052,113.8,0.9941,0.9187,38.1
2026-08-24T22:26:05,2.066,115.4,1.0121,0.9187,38.0
2026-08-24T22:26:06,2.066,115.1,1.0098,0.9187,38.0
2026-08-24T22:26:07,2.096,114.2,1.0058,0.9187,38.0
2026-08-24T22:26:08,2.106,114.2,0.9981,0.9186,38.0
2026-08-24T22:26:09,2.090,113.9,1.0102,0.9186,38.0
2026-08-24T22:26:10,2.105,113.7,1.0043,0.9186,37.9
2026-08-24T22:26:11,2.083,116.0,1.0048,0.9186,37.9
2026-08-24T22:26:12,2.097,115.1,0.9936,0.9186,37.9
2026-08-24T22:26:13,2.092,115.3,1.0101,0.9185,37.9
2026-08-24T22:26:14,2.107,114.6,0.9923,0.9185,37.9
2026-08-24T22:26:15,2.110,115.9,1.0054,0.9185,37.8
2026-08-24T22:26:16,2.119,115.3,1.0006,0.9185,37.8
2026-08-24T22:26:17,2.117,115.3,0.9994,0.9185,37.8
2026-08-24T22:26:18,2.121,113.7,0.9969,0.9184,37.8
2026-08-24T22:26:19,2.160,115.7,1.0085,0.9184,37.7
2026-08-24T22:26:20,2.136,114.3,1.0019,0.9184,37.7
2026-08-24T22:26:21,2.178,114.7,0.9998,0.9184,37.6
2026-08-24T22:26:22,2.151,115.6,1.0108,0.9184,37.6
2026-08-24T22:26:23,2.182,115.6,1.0044,0.9183,37.6
2026-08-24T22:26:24,2.168,115.1,1.0058,0.9183,37.5
2026-08-24T22:26:25,2.162,115.3,0.9999,0.9183,37.5
2026-08-24T22:26:26,2.188,116.5,1.0033,0.9183,37.6
2026-08-24T22:26:27,2.188,114.7,1.0088,0.9183,37.5
2026-08-24T22:26:28,2.205,115.2,1.0089,0.9182,37.5
2026-08-24T22:26:29,2.200,114.6,1.0033,0.9182,37.5
2026-08-24T22:26:30,2.200,115.4,1.0054,0.9182,37.5
2026-08-24T22:26:31,2.230,114.1,0.9974,0.9182,37.5
2026-08-24T22:26:32,2.238,115.3,0.9924,0.9182,37.5
2026-08-24T22:26:33,2.207,115.7,0.9993,0.9181,37.5
2026-08-24T22:26:34,2.227,115.9,1.0057,0.9181,37.5
2026-08-24T22:26:35,2.241,115.5,0.9987,0.9181,37.5
2026-08-24T22:26:36,2.230,115.4,0.9997,0.9181,37.5
2026-08-24T22:26:37,2.251,115.4,0.9967,0.9181,37.5
2026-08-24T22:26:38,2.243,116.1,1.0057,0.9180,37.5
2026-08-24T22:26:39,2.239,113.6,0.9945,0.9180,37.5
2026-08-24T22:26:40,2.284,114.8,1.0011,0.9180,37.5
2026-08-24T22:26:41,2.287,115.3,0.9926,0.9180,37.5
2026-08-24T22:26:42,2.266,116.4,1.0047,0.9180,37.5
2026-08-24T22:26:43,2.289,116.4,0.9926,0.9179,37.5
2026-08-24T22:26:44,2.268,115.3,1.0073,0.9179,37.5
2026-08-24T22:26:45,2.291,116.2,1.0033,0.9179,37.6
2026-08-24T22:26:46,2.293,117.1,1.0009,0.9179,37.5
2026-08-24T22:26:47,2.304,116.3,1.0006,0.9179,37.5
2026-08-24T22:26:48,2.322,117.6,0.9946,0.9178,37.5
2026-08-24T22:26:49,2.315,116.6,0.9958,0.9178,37.5
2026-08-24T22:26:50,2.311,114.8,1.0061,0.9178,37.5
2026-08-24T22:26:51,2.338,115.4,1.0153,0.9178,37.5
2026-08-24T22:26:52,2.304,116.0,1.0097,0.9178,37.4
2026-08-24T22:26:53,2.346,117.6,1.0041,0.9177,37.4
2026-08-24T22:26:54,2.332,117.8,1.0068,0.9177,37.4
2026-08-24T22:26:55,2.325,116.5,1.0006,0.9177,37.4
2026-08-24T22:26:56,2.336,115.7,1.0083,0.9177,37.4
2026-08-24T22:26:57,2.355,115.7,1.0044,0.9177,37.5
2026-08-24T22:26:58,2.325,116.3,0.9943,0.9176,37.5
2026-08-24T22:26:59,2.341,115.7,0.9962,0.9176,37.5
2026-08-24T22:27:00,2.367,115.1,1.0134,0.9176,37.5
2026-08-24T22:27:01,2.377,117.4,1.0031,0.9176,37.5
2026-08-24T22:27:02,2.370,115.1,0.9988,0.9176,37.5
2026-08-24T22:27:03,2.384,116.2,0.9961,0.9175,37.5
2026-08-24T22:27:04,2.339,117.1,1.0074,0.9175,37.5
2026-08-24T22:27:05,2.344,117.3,1.0033,0.9175,37.5
2026-08-24T22:27:06,2.392,115.9,1.0071,0.9175,37.6
2026-08-24T22:27:07,2.374,116.4,1.0102,0.9175,37.6
2026-08-24T22:27:08,2.381,117.3,1.0134,0.9174,37.6
2026-08-24T22:27:09,2.388,117.0,1.0111,0.9174,37.7
2026-08-24T22:27:10,2.374,117.3,1.0112,0.9174,37.6
2026-08-24T22:27:11,2.389,117.8,1.0049,0.9174,37.7
2026-08-24T22:27:12,2.366,117.7,1.0001,0.9174,37.7
2026-08-24T22:27:13,2.370,117.0,1.0014,0.9173,37.7
2026-08-24T22:27:14,2.395,116.4,0.9930,0.9173,37.7
2026-08-24T22:27:15,2.399,117.3,1.0050,0.9173,37.8
2026-08-24T22:27:16,2.406,117.3,0.9976,0.9173,37.8
2026-08-24T22:27:17,2.410,117.0,1.0001,0.9173,37.8
2026-08-24T22:27:18,2.397,117.4,1.0041,0.9172,37.9
2026-08-24T22:27:19,2.384,118.6,1.0005,0.9172,37.9
2026-08-24T22:27:20,2.388,117.3,1.0012,0.9172,37.9
2026-08-24T22:27:21,2.405,117.2,1.0115,0.9172,37.9
2026-08-24T22:27:22,2.412,118.4,1.0034,0.9172,37.9
2026-08-24T22:27:23,2.412,115.6,0.9992,0.9171,37.9
2026-08-24T22:27:24,2.410,119.0,0.9964,0.9171,37.9
2026-08-24T22:27:25,2.389,116.9,0.9992,0.9171,38.0
2026-08-24T22:27:26,2.408,119.3,1.0080,0.9171,38.0
2026-08-24T22:27:27,2.411,117.8,1.0034,0.9171,38.0
2026-08-24T22:27:28,2.401,117.4,0.9961,0.9170,38.0
2026-08-24T22:27:29,2.413,117.4,1.0063,0.9170,38.0
2026-08-24T22:27:30,2.410,116.3,0.9943,0.9170,37.9
2026-08-24T22:27:31,2.383,117.2,1.0041,0.9170,38.0
2026-08-24T22:27:32,2.379,118.6,1.0083,0.9170,37.9
2026-08-24T22:27:33,2.421,117.0,1.0062,0.9169,38.0
2026-08-24T22:27:34,2.418,120.3,0.9961,0.9169,38.0
2026-08-24T22:27:35,2.404,118.8,1.0096,0.9169,38.0
2026-08-24T22:27:36,2.385,118.7,1.0114,0.9169,38.0
2026-08-24T22:27:37,2.413,118.5,1.0060,0.9169,38.0
2026-08-24T22:27:38,2.420,117.5,1.0054,0.9169,38.0
2026-08-24T22:27:39,2.391,118.7,1.0015,0.9168,38.0
2026-08-24T22:27:40,2.374,119.7,1.0040,0.9168,38.1
2026-08-24T22:27:41,2.412,119.1,1.0088,0.9168,38.1
2026-08-24T22:27:42,2.371,117.9,1.0041,0.9168,38.2
2026-08-24T22:27:43,2.388,118.8,1.0068,0.9167,38.2
2026-08-24T22:27:44,2.405,119.0,0.9985,0.9167,38.2
2026-08-24T22:27:45,2.408,118.5,0.9975,0.9167,38.3
2026-08-24T22:27:46,2.362,118.5,1.0038,0.9167,38.3
2026-08-24T22:27:47,2.391,119.2,1.0110,0.9167,38.3
2026-08-24T22:27:48,2.374,118.6,0.9990,0.9166,38.3
2026-08-24T22:27:49,2.368,118.5,0.9982,0.9166,38.3
2026-08-24T22:27:50,2.393,120.1,1.0015,0.9166,38.3
2026-08-24T22:27:51,2.349,119.1,0.9996,0.9166,38.3
2026-08-24T22:27:52,2.356,119.2,1.0005,0.9166,38.4
2026-08-24T22:27:53,2.384,118.3,1.0003,0.9165,38.4
2026-08-24T22:27:54,2.358,118.0,0.9990,0.9165,38.4
2026-08-24T22:27:55,2.364,119.2,1.0086,0.9165,38.4
2026-08-24T22:27:56,2.358,117.8,1.0045,0.9165,38.5
2026-08-24T22:27:57,2.365,119.1,0.9930,0.9165,38.5
2026-08-24T22:27:58,2.372,121.5,0.9942,0.9165,38.6
2026-08-24T22:27:59,2.369,120.1,1.0062,0.9164,38.6
2026-08-24T22:28:00,2.365,121.6,1.0042,0.9164,38.6
2026-08-24T22:28:01,2.339,119.1,1.0068,0.9164,38.6
2026-08-24T22:28:02,2.346,121.0,1.0087,0.9164,38.7
2026-08-24T22:28:03,2.338,120.5,1.0015,0.9164,38.6
2026-08-24T22:28:04,2.354,119.7,1.0043,0.9163,38.6
2026-08-24T22:28:05,2.323,121.1,1.0025,0.9163,38.6
2026-08-24T22:28:06,2.319,122.4,1.0024,0.9163,38.6
2026-08-24T22:28:07,2.337,120.2,0.9985,0.9163,38.5
2026-08-24T22:28:08,2.317,123.0,1.0145,0.9163,38.5
2026-08-24T22:28:09,2.287,119.3,1.0123,0.9162,38.6
2026-08-24T22:28:10,2.289,119.5,1.0124,0.9162,38.6
2026-08-24T22:28:11,2.326,119.7,1.0033,0.9162,38.6
2026-08-24T22:28:12,2.289,123.5,1.0038,0.9162,38.5
2026-08-24T22:28:13,2.288,120.3,1.0097,0.9162,38.5
2026-08-24T22:28:14,2.290,122.7,1.0054,0.9161,38.5
2026-08-24T22:28:15,2.296,121.8,1.0043,0.9161,38.5
2026-08-24T22:28:16,2.291,122.0,1.0006,0.9161,38.6
2026-08-24T22:28:17,2.296,122.5,0.9943,0.9161,38.5
2026-08-24T22:28:18,2.290,122.0,1.0027,0.9161,38.5
2026-08-24T22:28:19,2.271,119.2,1.0136,0.9160,38.5
2026-08-24T22:28:20,2.269,122.8,0.9921,0.9160,38.4
2026-08-24T22:28:21,2.248,122.3,1.0052,0.9160,38.5
2026-08-24T22:28:22,2.247,123.3,1.0183,0.9160,38.4
2026-08-24T22:28:23,2.227,123.1,1.0058,0.9160,38.4
2026-08-24T22:28:24,2.256,121.0,1.0041,0.9159,38.3
2026-08-24T22:28:25,2.211,121.4,1.0036,0.9159,38.3
2026-08-24T22:28:26,2.227,121.8,1.0047,0.9159,38.3
2026-08-24T22:28:27,2.216,120.7,1.0158,0.9159,38.3
2026-08-24T22:28:28,2.197,122.1,0.9979,0.9159,38.2
2026-08-24T22:28:29,2.206,122.2,1.0012,0.9158,38.3
2026-08-24T22:28:30,2.185,122.5,1.0199,0.9158,38.2
2026-08-24T22:28:31,2.211,120.9,1.0090,0.9158,38.2
2026-08-24T22:28:32,2.178,123.2,1.0075,0.9158,38.1
2026-08-24T22:28:33,2.196,123.5,1.0124,0.9158,38.1
2026-08-24T22:28:34,2.172,124.9,1.0080,0.9157,38.1
2026-08-24T22:28:35,2.152,122.6,1.0150,0.9157,38.1
2026-08-24T22:28:36,2.150,124.1,1.0087,0.9157,38.1
2026-08-24T22:28:37,2.189,123.3,1.0092,0.9157,38.1
2026-08-24T22:28:38,2.161,124.6,0.9938,0.9157,38.0
2026-08-24T22:28:39,2.151,121.5,1.0059,0.9156,38.0
2026-08-24T22:28:40,2.158,122.2,1.0053,0.9156,38.0
2026-08-24T22:28:41,2.118,121.0,1.0058,0.9156,37.9
2026-08-24T22:28:42,2.136,123.3,1.0107,0.9156,38.0
2026-08-24T22:28:43,2.140,124.5,1.0101,0.9156,37.9
2026-08-24T22:28:44,2.145,125.0,1.0076,0.9155,38.0
2026-08-24T22:28:45,2.110,124.0,1.0063,0.9155,37.9
2026-08-24T22:28:46,2.132,122.6,0.9975,0.9155,37.9
2026-08-24T22:28:47,2.124,122.6,0.9974,0.9155,37.8
2026-08-24T22:28:48,2.123,123.6,1.0109,0.9155,37.8
2026-08-24T22:28:49,2.091,124.3,1.0029,0.9154,37.7
2026-08-24T22:28:50,2.106,122.3,1.0086,0.9154,37.7
2026-08-24T22:28:51,2.067,124.9,1.0060,0.9154,37.7
2026-08-24T22:28:52,2.068,121.6,1.0010,0.9154,37.7
2026-08-24T22:28:53,2.080,122.3,1.0092,0.9154,37.7
2026-08-24T22:28:54,2.062,125.1,1.0084,0.9153,37.7
2026-08-24T22:28:55,2.045,123.5,1.0062,0.9153,37.7
2026-08-24T22:28:56,2.041,124.6,1.0019,0.9153,37.7
2026-08-24T22:28:57,2.037,124.7,1.0090,0.9153,37.7
2026-08-24T22:28:58,2.053,125.1,1.0137,0.9153,37.7
2026-08-24T22:28:59,2.017,126.6,0.9997,0.9152,37.7
2026-08-24T22:29:00,2.034,122.8,0.9938,0.9152,37.7
2026-08-24T22:29:01,2.022,124.1,0.9993,0.9152,37.7
2026-08-24T22:29:02,2.006,124.0,0.9987,0.9152,37.7
2026-08-24T22:29:03,2.003,125.5,0.9999,0.9152,37.7
2026-08-24T22:29:04,2.016,122.4,0.9998,0.9151,37.7
2026-08-24T22:29:05,2.018,124.7,1.0147,0.9151,37.7
2026-08-24T22:29:06,2.015,121.5,1.0077,0.9151,37.7
2026-08-24T22:29:07,2.011,122.9,1.0134,0.9151,37.7
2026-08-24T22:29:08,1.978,122.7,1.0191,0.9151,37.7
2026-08-24T22:29:09,1.953,125.8,1.0050,0.9150,37.6
2026-08-24T22:29:10,1.987,126.5,1.0103,0.9150,37.6
2026-08-24T22:29:11,1.988,123.2,1.0103,0.9150,37.6
2026-08-24T22:29:12,1.940,123.4,1.0136,0.9150,37.6
2026-08-24T22:29:13,1.954,123.1,1.0068,0.9150,37.6
2026-08-24T22:29:14,1.958,122.2,1.0086,0.9149,37.6
2026-08-24T22:29:15,1.965,126.1,1.0111,0.9149,37.5
2026-08-24T22:29:16,1.923,124.6,1.0013,0.9149,37.6
2026-08-24T22:29:17,1.930,125.4,0.9967,0.9149,37.6
2026-08-24T22:29:18,1.912,126.7,1.0167,0.9149,37.6
2026-08-24T22:29:19,1.924,126.0,1.0018,0.9148,37.7
2026-08-24T22:29:20,1.900,125.6,1.0038,0.9148,37.7
2026-08-24T22:29:21,1.908,124.1,1.0011,0.9148,37.7
2026-08-24T22:29:22,1.912,125.2,0.9978,0.9148,37.7
2026-08-24T22:29:23,1.885,126.9,1.0125,0.9148,37.7
2026-08-24T22:29:24,1.904,124.9,0.9998,0.9147,37.7
2026-08-24T22:29:25,1.897,127.6,1.0043,0.9147,37.6
2026-08-24T22:29:26,1.881,123.3,1.0088,0.9147,37.7
2026-08-24T22:29:27,1.889,122.8,1.0154,0.9147,37.7
2026-08-24T22:29:28,1.908,123.5,1.0108,0.9147,37.6
2026-08-24T22:29:29,1.899,126.9,1.0153,0.9146,37.6
2026-08-24T22:29:30,1.866,126.0,1.0084,0.9146,37.7
2026-08-24T22:29:31,1.856,124.3,1.0042,0.9146,37.7
2026-08-24T22:29:32,1.892,126.9,1.0001,0.9146,37.7
2026-08-24T22:29:33,1.860,125.8,1.0203,0.9146,37.7
2026-08-24T22:29:34,1.867,122.4,1.0087,0.9145,37.8
2026-08-24T22:29:35,1.834,125.6,1.0026,0.9145,37.8
2026-08-24T22:29:36,1.859,122.5,1.0053,0.9145,37.8
2026-08-24T22:29:37,1.868,124.6,0.9987,0.9145,37.8
2026-08-24T22:29:38,1.846,123.1,0.9960,0.9145,37.9
2026-08-24T22:29:39,1.859,125.2,1.0064,0.9145,37.9
2026-08-24T22:29:40,1.836,123.2,0.9960,0.9144,38.0
2026-08-24T22:29:41,1.846,122.3,1.0008,0.9144,38.0
2026-08-24T22:29:42,1.810,123.0,1.0041,0.9144,38.0
2026-08-24T22:29:43,1.836,124.2,1.0052,0.9144,38.0
2026-08-24T22:29:44,1.811,123.7,1.0015,0.9144,38.0
2026-08-24T22:29:45,1.813,124.5,1.0177,0.9143,38.0
2026-08-24T22:29:46,1.848,127.5,1.0010,0.9143,38.0
2026-08-24T22:29:47,1.811,126.1,1.0124,0.9143,38.0
2026-08-24T22:29:48,1.811,123.5,1.0105,0.9143,38.1
2026-08-24T22:29:49,1.811,126.8,0.9957,0.9143,38.1
2026-08-24T22:29:50,1.824,126.9,0.9992,0.9142,38.2
2026-08-24T22:29:51,1.805,126.3,1.0135,0.9142,38.2
2026-08-24T22:29:52,1.802,127.4,1.0170,0.9142,38.2
2026-08-24T22:29:53,1.827,125.4,0.9936,0.9142,38.3
2026-08-24T22:29:54,1.802,125.5,0.9956,0.9142,38.3
2026-08-24T22:29:55,1.831,125.6,1.0039,0.9141,38.3
2026-08-24T22:29:56,1.811,122.0,1.0124,0.9141,38.3
2026-08-24T22:29:57,1.823,126.7,1.0079,0.9141,38.3
2026-08-24T22:29:58,1.822,122.1,1.0071,0.9141,38.3
2026-08-24T22:29:59,1.819,124.7,1.0099,0.9141,38.3
2026-08-24T22:30:00,1.819,121.6,1.0066,0.9140,38.3
2026-08-24T22:30:01,1.804,123.6,1.0084,0.9140,38.4
2026-08-24T22:30:02,1.799,123.2,1.0180,0.9140,38.4
2026-08-24T22:30:03,1.813,123.5,1.0164,0.9140,38.4
2026-08-24T22:30:04,1.822,122.5,1.0067,0.9140,38.5
2026-08-24T22:30:05,1.791,126.5,1.0076,0.9139,38.5
2026-08-24T22:30:06,1.786,125.4,1.0122,0.9139,38.5
2026-08-24T22:30:07,1.799,127.3,1.0071,0.9139,38.5
2026-08-24T22:30:08,1.799,122.6,1.0192,0.9139,38.5
2026-08-24T22:30:09,1.793,126.9,0.9985,0.9138,38.5
2026-08-24T22:30:10,1.821,126.0,1.0159,0.9138,38.5
2026-08-24T22:30:11,1.790,124.9,1.0051,0.9138,38.6
2026-08-24T22:30:12,1.788,121.4,0.9979,0.9138,38.7
2026-08-24T22:30:13,1.813,127.2,0.9998,0.9138,38.7
2026-08-24T22:30:14,1.810,124.7,1.0026,0.9137,38.7
2026-08-24T22:30:15,1.829,125.8,1.0163,0.9137,38.7
2026-08-24T22:30:16,1.786,122.3,1.0114,0.9137,38.7
2026-08-24T22:30:17,1.806,125.9,1.0198,0.9137,38.7
2026-08-24T22:30:18,1.803,121.3,1.0225,0.9137,38.8
2026-08-24T22:30:19,1.829,126.8,1.0169,0.9136,38.8
2026-08-24T22:30:20,1.821,123.3,1.0077,0.9136,38.8
2026-08-24T22:30:21,1.789,122.3,1.0019,0.9136,38.7
2026-08-24T22:30:22,1.797,126.1,1.0035,0.9136,38.7
2026-08-24T22:30:23,1.824,122.5,1.0106,0.9136,38.8
2026-08-24T22:30:24,1.829,126.5,1.0012,0.9135,38.8
2026-08-24T22:30:25,1.817,121.4,1.0063,0.9135,38.7
2026-08-24T22:30:26,1.832,125.6,1.0095,0.9135,38.8
2026-08-24T22:30:27,1.824,126.2,1.0172,0.9135,38.8
2026-08-24T22:30:28,1.846,121.0,1.0048,0.9135,38.8
2026-08-24T22:30:29,1.837,125.5,1.0009,0.9134,38.8
2026-08-24T22:30:30,1.849,122.9,1.0001,0.9134,38.9
2026-08-24T22:30:31,1.839,120.6,1.0118,0.9134,38.9
2026-08-24T22:30:32,1.835,121.4,1.0068,0.9134,38.9
2026-08-24T22:30:33,1.824,121.2,1.0165,0.9134,38.9
2026-08-24T22:30:34,1.845,120.6,0.9994,0.9133,38.8
2026-08-24T22:30:35,1.825,119.8,1.0229,0.9133,38.8
2026-08-24T22:30:36,1.833,123.0,1.0033,0.9133,38.8
2026-08-24T22:30:37,1.841,122.3,1.0028,0.9133,38.8
2026-08-24T22:30:38,1.871,121.4,1.0054,0.9133,38.8
2026-08-24T22:30:39,1.859,122.7,1.0148,0.9132,38.8
2026-08-24T22:30:40,1.870,124.7,0.9967,0.9132,38.7
2026-08-24T22:30:41,1.851,120.9,1.0112,0.9132,38.7
2026-08-24T22:30:42,1.871,119.9,1.0201,0.9132,38.6
2026-08-24T22:30:43,1.861,125.5,1.0093,0.9131,38.7
2026-08-24T22:30:44,1.859,120.9,1.0060,0.9131,38.6
2026-08-24T22:30:45,1.906,124.1,1.0023,0.9131,38.6
2026-08-24T22:30:46,1.889,124.0,1.0155,0.9131,38.6
2026-08-24T22:30:47,1.910,121.0,0.9949,0.9131,38.6
2026-08-24T22:30:48,1.895,121.4,1.0145,0.9131,38.5
2026-08-24T22:30:49,1.912,125.6,1.0083,0.9130,38.6
2026-08-24T22:30:50,1.895,121.1,1.0050,0.9130,38.6
2026-08-24T22:30:51,1.911,121.6,1.0005,0.9130,38.5
2026-08-24T22:30:52,1.896,121.5,1.0155,0.9130,38.5
2026-08-24T22:30:53,1.934,119.5,1.0040,0.9129,38.6
2026-08-24T22:30:54,1.936,122.2,1.0072,0.9129,38.6
2026-08-24T22:30:55,1.923,120.4,1.0182,0.9129,38.7
2026-08-24T22:30:56,1.918,125.2,1.0064,0.9129,38.6
2026-08-24T22:30:57,1.964,121.0,1.0022,0.9129,38.7
2026-08-24T22:30:58,1.970,120.6,1.0187,0.9128,38.6
2026-08-24T22:30:59,1.931,123.1,1.0112,0.9128,38.7
2026-08-24T22:31:00,1.972,119.2,1.0068,0.9128,38.6
2026-08-24T22:31:01,1.952,119.7,1.0128,0.9128,38.6
2026-08-24T22:31:02,1.950,120.5,1.0095,0.9128,38.6
2026-08-24T22:31:03,1.980,124.5,1.0096,0.9127,38.6
2026-08-24T22:31:04,1.987,119.7,1.0083,0.9127,38.6
2026-08-24T22:31:05,1.993,118.8,1.0142,0.9127,38.5
2026-08-24T22:31:06,1.978,121.8,1.0111,0.9127,38.5
2026-08-24T22:31:07,1.984,122.1,1.0015,0.9127,38.5
2026-08-24T22:31:08,1.990,123.9,1.0033,0.9127,38.5
2026-08-24T22:31:09,1.994,121.3,1.0096,0.9126,38.5
2026-08-24T22:31:10,2.026,122.5,1.0083,0.9126,38.5
2026-08-24T22:31:11,2.013,123.9,1.0091,0.9126,38.4
2026-08-24T22:31:12,2.004,122.0,1.0162,0.9126,38.4
2026-08-24T22:31:13,2.017,119.8,1.0122,0.9125,38.5
2026-08-24T22:31:14,2.035,119.5,1.0101,0.9125,38.4
2026-08-24T22:31:15,2.031,123.6,1.0153,0.9125,38.3
2026-08-24T22:31:16,2.064,117.7,1.0140,0.9125,38.3
2026-08-24T22:31:17,2.053,120.5,1.0081,0.9125,38.3
2026-08-24T22:31:18,2.051,118.7,1.0103,0.9124,38.2
2026-08-24T22:31:19,2.086,121.0,1.0169,0.9124,38.1
2026-08-24T22:31:20,2.055,122.4,1.0110,0.9124,38.1
2026-08-24T22:31:21,2.076,121.3,1.0080,0.9124,38.1
2026-08-24T22:31:22,2.075,120.7,1.0029,0.9124,38.0
2026-08-24T22:31:23,2.081,119.1,1.0037,0.9123,38.0
2026-08-24T22:31:24,2.090,118.8,1.0004,0.9123,38.0
2026-08-24T22:31:25,2.109,120.9,1.0153,0.9123,38.0
2026-08-24T22:31:26,2.118,120.5,1.0244,0.9123,38.0
2026-08-24T22:31:27,2.098,120.9,0.9918,0.9123,37.9
2026-08-24T22:31:28,2.127,116.9,1.0134,0.9122,37.9
2026-08-24T22:31:29,2.102,122.9,1.0102,0.9122,37.9
2026-08-24T22:31:30,2.116,116.8,0.9967,0.9122,37.9
2026-08-24T22:31:31,2.140,116.8,1.0113,0.9122,37.8
2026-08-24T22:31:32,2.158,122.7,1.0099,0.9122,37.8
2026-08-24T22:31:33,2.142,116.4,1.0086,0.9121,37.8
2026-08-24T22:31:34,2.166,119.5,1.0045,0.9121,37.7
2026-08-24T22:31:35,2.182,120.6,1.0078,0.9121,37.7
2026-08-24T22:31:36,2.181,121.1,1.0080,0.9121,37.7
2026-08-24T22:31:37,2.162,122.6,1.0178,0.9121,37.7
2026-08-24T22:31:38,2.198,116.5,1.0068,0.9120,37.6
2026-08-24T22:31:39,2.160,116.6,1.0127,0.9120,37.6
2026-08-24T22:31:40,2.167,123.4,1.0193,0.9120,37.6
2026-08-24T22:31:41,2.192,114.7,1.0038,0.9120,37.6
2026-08-24T22:31:42,2.181,116.5,1.0153,0.9120,37.6
2026-08-24T22:31:43,2.219,121.8,1.0137,0.9119,37.6
2026-08-24T22:31:44,2.203,118.7,1.0165,0.9119,37.6
2026-08-24T22:31:45,2.214,116.6,1.0083,0.9119,37.5
2026-08-24T22:31:46,2.233,122.2,1.0129,0.9119,37.6
2026-08-24T22:31:47,2.213,122.3,1.0079,0.9119,37.6
2026-08-24T22:31:48,2.232,118.6,1.0215,0.9118,37.6
2026-08-24T22:31:49,2.231,120.1,1.0084,0.9118,37.6
2026-08-24T22:31:50,2.255,115.4,1.0079,0.9118,37.6
2026-08-24T22:31:51,2.265,116.4,1.0160,0.9118,37.7
2026-08-24T22:31:52,2.269,114.3,1.0091,0.9118,37.6
2026-08-24T22:31:53,2.265,116.7,1.0157,0.9117,37.6
2026-08-24T22:31:54,2.245,119.8,1.0022,0.9117,37.6
2026-08-24T22:31:55,2.289,117.7,1.0048,0.9117,37.6
2026-08-24T22:31:56,2.271,116.5,1.0139,0.9117,37.6
2026-08-24T22:31:57,2.300,121.2,0.9994,0.9117,37.5
2026-08-24T22:31:58,2.296,118.7,1.0194,0.9116,37.6
2026-08-24T22:31:59,2.270,114.5,1.0052,0.9116,37.6
2026-08-24T22:32:00,2.284,118.6,1.0159,0.9116,37.5
2026-08-24T22:32:01,2.297,115.5,1.0011,0.9116,37.6
2026-08-24T22:32:02,2.284,119.2,1.0202,0.9116,37.6
2026-08-24T22:32:03,2.314,112.8,1.0049,0.9115,37.6
2026-08-24T22:32:04,2.291,115.5,1.0130,0.9115,37.7
2026-08-24T22:32:05,2.317,122.0,0.9979,0.9115,37.7
2026-08-24T22:32:06,2.340,117.7,1.0155,0.9115,37.7
2026-08-24T22:32:07,2.329,117.1,0.9997,0.9115,37.8
2026-08-24T22:32:08,2.319,119.0,1.0210,0.9114,37.8
2026-08-24T22:32:09,2.329,114.8,0.9979,0.9114,37.8
2026-08-24T22:32:10,2.350,117.3,1.0111,0.9114,37.7
2026-08-24T22:32:11,2.338,114.7,1.0110,0.9114,37.7
2026-08-24T22:32:12,2.354,114.7,1.0268,0.9114,37.7
2026-08-24T22:32:13,2.325,115.3,1.0076,0.9113,37.8
2026-08-24T22:32:14,2.326,119.3,1.0089,0.9113,37.8
2026-08-24T22:32:15,2.353,118.3,1.0215,0.9113,37.8
2026-08-24T22:32:16,2.353,119.5,1.0225,0.9113,37.9
2026-08-24T22:32:17,2.366,119.6,1.0175,0.9113,37.9
2026-08-24T22:32:18,2.338,120.9,1.0021,0.9112,37.9
2026-08-24T22:32:19,2.379,115.3,1.0153,0.9112,38.0
2026-08-24T22:32:20,2.368,120.5,1.0058,0.9112,38.0
2026-08-24T22:32:21,2.390,116.5,1.0172,0.9112,38.0
2026-08-24T22:32:22,2.383,117.2,1.0159,0.9111,38.0
2026-08-24T22:32:23,2.381,120.0,1.0018,0.9111,38.0
2026-08-24T22:32:24,2.374,117.3,1.0039,0.9111,38.0
2026-08-24T22:32:25,2.358,116.0,1.0098,0.9111,38.0
2026-08-24T22:32:26,2.396,119.1,1.0192,0.9111,38.1
2026-08-24T22:32:27,2.402,116.2,1.0173,0.9110,38.1
2026-08-24T22:32:28,2.389,113.7,0.9975,0.9110,38.1
2026-08-24T22:32:29,2.363,112.5,0.9940,0.9110,38.2
2026-08-24T22:32:30,2.378,112.3,1.0098,0.9110,38.2
2026-08-24T22:32:31,2.397,114.9,1.0233,0.9110,38.2
2026-08-24T22:32:32,2.394,116.6,1.0186,0.9109,38.2
2026-08-24T22:32:33,2.380,117.5,1.0055,0.9109,38.3
2026-08-24T22:32:34,2.419,117.0,0.9945,0.9109,38.3
2026-08-24T22:32:35,2.388,116.9,0.9968,0.9109,38.4
2026-08-24T22:32:36,2.383,117.1,1.0179,0.9109,38.4
2026-08-24T22:32:37,2.417,112.4,0.9995,0.9108,38.5
2026-08-24T22:32:38,2.410,116.5,1.0144,0.9108,38.5
2026-08-24T22:32:39,2.388,112.3,1.0024,0.9108,38.5
2026-08-24T22:32:40,2.400,119.3,1.0159,0.9108,38.5
2026-08-24T22:32:41,2.403,117.7,1.0160,0.9108,38.6
2026-08-24T22:32:42,2.425,114.7,1.0188,0.9107,38.6
2026-08-24T22:32:43,2.392,112.3,1.0282,0.9107,38.6
2026-08-24T22:32:44,2.412,115.4,1.0195,0.9107,38.7
2026-08-24T22:32:45,2.397,115.5,1.0211,0.9107,38.7
2026-08-24T22:32:46,2.423,111.7,1.0310,0.9107,38.7
2026-08-24T22:32:47,2.383,112.9,1.0191,0.9106,38.8
2026-08-24T22:32:48,2.379,116.9,1.0315,0.9106,38.8
2026-08-24T22:32:49,2.417,117.9,1.0086,0.9106,38.8
2026-08-24T22:32:50,2.400,117.8,1.0063,0.9106,38.8
2026-08-24T22:32:51,2.380,114.2,1.0149,0.9106,38.8
2026-08-24T22:32:52,2.391,114.4,1.0054,0.9105,38.9
2026-08-24T22:32:53,2.399,110.5,1.0287,0.9105,38.9
2026-08-24T22:32:54,2.388,116.9,1.0122,0.9105,38.9
2026-08-24T22:32:55,2.398,113.6,1.0171,0.9105,38.9
2026-08-24T22:32:56,2.388,115.8,1.0192,0.9105,38.9
2026-08-24T22:32:57,2.367,116.3,0.9932,0.9104,38.9
2026-08-24T22:32:58,2.395,119.0,1.0028,0.9104,38.9
2026-08-24T22:32:59,2.400,111.1,1.0031,0.9104,38.9
2026-08-24T22:33:00,2.359,111.8,1.0034,0.9104,38.9
2026-08-24T22:33:01,2.364,116.6,1.0001,0.9104,38.9
2026-08-24T22:33:02,2.385,117.4,1.0097,0.9103,38.9
2026-08-24T22:33:03,2.358,110.3,1.0202,0.9103,38.9
2026-08-24T22:33:04,2.381,112.6,1.0041,0.9103,38.9
2026-08-24T22:33:05,2.369,114.3,1.0152,0.9103,38.9
2026-08-24T22:33:06,2.357,117.6,1.0229,0.9103,38.9
2026-08-24T22:33:07,2.380,112.3,1.0211,0.9102,38.9
2026-08-24T22:33:08,2.375,114.9,1.0191,0.9102,38.9
2026-08-24T22:33:09,2.356,115.8,1.0184,0.9102,38.9
2026-08-24T22:33:10,2.363,118.1,0.9988,0.9102,38.9
2026-08-24T22:33:11,2.378,113.6,1.0148,0.9102,38.9
2026-08-24T22:33:12,2.365,119.5,1.0111,0.9101,39.0
2026-08-24T22:33:13,2.368,118.5,0.9930,0.9101,39.0
2026-08-24T22:33:14,2.349,119.9,1.0309,0.9101,39.0
2026-08-24T22:33:15,2.344,117.6,1.0129,0.9101,39.0
2026-08-24T22:33:16,2.343,114.6,1.0032,0.9101,39.0
2026-08-24T22:33:17,2.359,113.1,1.0077,0.9100,38.9
2026-08-24T22:33:18,2.342,110.1,1.0158,0.9100,38.9
2026-08-24T22:33:19,2.307,111.6,1.0203,0.9100,39.0
2026-08-24T22:33:20,2.300,115.4,1.0041,0.9100,38.9
2026-08-24T22:33:21,2.312,119.9,1.0051,0.9100,38.9
2026-08-24T22:33:22,2.333,111.3,1.0092,0.9099,38.9
2026-08-24T22:33:23,2.332,114.5,1.0296,0.9099,38.9
2026-08-24T22:33:24,2.315,116.9,1.0224,0.9099,38.9
2026-08-24T22:33:25,2.295,115.8,1.0003,0.9099,38.9
2026-08-24T22:33:26,2.292,113.6,1.0235,0.9099,38.9
2026-08-24T22:33:27,2.309,116.1,1.0120,0.9098,38.9
2026-08-24T22:33:28,2.304,119.0,1.0247,0.9098,38.9
2026-08-24T22:33:29,2.276,118.3,1.0177,0.9098,38.9
2026-08-24T22:33:30,2.270,117.8,1.0167,0.9098,38.8
2026-08-24T22:33:31,2.289,117.0,1.0092,0.9098,38.8
2026-08-24T22:33:32,2.248,118.6,1.0130,0.9098,38.8
2026-08-24T22:33:33,2.288,115.2,1.0089,0.9097,38.8
2026-08-24T22:33:34,2.252,113.2,1.0067,0.9097,38.9
2026-08-24T22:33:35,2.272,112.9,1.0326,0.9097,38.8
2026-08-24T22:33:36,2.239,110.4,1.0145,0.9097,38.8
2026-08-24T22:33:37,2.222,112.9,1.0149,0.9096,38.8
2026-08-24T22:33:38,2.254,114.8,1.0123,0.9096,38.8
2026-08-24T22:33:39,2.227,110.4,1.0115,0.9096,38.8
2026-08-24T22:33:40,2.212,111.6,1.0220,0.9096,38.7
2026-08-24T22:33:41,2.199,116.3,1.0078,0.9096,38.7
2026-08-24T22:33:42,2.200,119.8,1.0291,0.9095,38.7
2026-08-24T22:33:43,2.204,111.4,1.0151,0.9095,38.7
2026-08-24T22:33:44,2.202,120.5,1.0180,0.9095,38.6
2026-08-24T22:33:45,2.209,115.3,1.0225,0.9095,38.6
2026-08-24T22:33:46,2.180,116.2,1.0262,0.9095,38.5
2026-08-24T22:33:47,2.183,119.5,1.0002,0.9094,38.6
2026-08-24T22:33:48,2.165,120.4,1.0245,0.9094,38.5
2026-08-24T22:33:49,2.166,117.5,1.0139,0.9094,38.5
2026-08-24T22:33:50,2.189,111.1,1.0043,0.9094,38.5
2026-08-24T22:33:51,2.190,113.3,1.0242,0.9094,38.5
2026-08-24T22:33:52,2.157,113.9,1.0188,0.9094,38.5
2026-08-24T22:33:53,2.169,117.1,1.0150,0.9093,38.5
2026-08-24T22:33:54,2.149,111.9,1.0285,0.9093,38.4
2026-08-24T22:33:55,2.138,116.6,1.0202,0.9093,38.4
2026-08-24T22:33:56,2.156,120.0,1.0234,0.9093,38.3
2026-08-24T22:33:57,2.111,117.5,1.0014,0.9093,38.3
2026-08-24T22:33:58,2.122,119.3,1.0135,0.9092,38.3
2026-08-24T22:33:59,2.141,112.6,1.0129,0.9092,38.2
2026-08-24T22:34:00,2.090,114.2,1.0226,0.9092,38.2
2026-08-24T22:34:01,2.125,117.7,1.0154,0.9092,38.2
2026-08-24T22:34:02,2.100,119.7,1.0081,0.9092,38.1
2026-08-24T22:34:03,2.077,117.3,1.0269,0.9091,38.1
2026-08-24T22:34:04,2.112,116.5,1.0203,0.9091,38.1
2026-08-24T22:34:05,2.081,113.5,1.0341,0.9091,38.1
2026-08-24T22:34:06,2.094,121.6,1.0231,0.9091,38.0
2026-08-24T22:34:07,2.075,113.3,1.0208,0.9091,38.0
2026-08-24T22:34:08,2.070,114.1,1.0087,0.9090,38.0
2026-08-24T22:34:09,2.070,113.8,1.0130,0.9090,37.9
2026-08-24T22:34:10,2.046,121.2,1.0166,0.9090,37.9
2026-08-24T22:34:11,2.027,119.3,1.0155,0.9090,38.0
2026-08-24T22:34:12,2.052,117.5,1.0260,0.9090,37.9
2026-08-24T22:34:13,2.036,118.3,1.0307,0.9089,37.9
2026-08-24T22:34:14,2.035,118.8,1.0172,0.9089,37.9
2026-08-24T22:34:15,2.027,121.8,1.0272,0.9089,37.9
2026-08-24T22:34:16,2.010,114.8,1.0111,0.9089,37.9
2026-08-24T22:34:17,1.991,118.3,1.0035,0.9089,37.9
2026-08-24T22:34:18,1.985,120.2,1.0106,0.9088,37.9
2026-08-24T22:34:19,2.010,121.2,1.0211,0.9088,37.9
2026-08-24T22:34:20,1.972,113.5,0.9937,0.9088,37.9
2026-08-24T22:34:21,2.013,120.4,1.0264,0.9088,37.8
2026-08-24T22:34:22,1.965,122.4,1.0351,0.9088,37.8
2026-08-24T22:34:23,1.987,122.6,1.0040,0.9087,37.8
2026-08-24T22:34:24,1.987,123.1,1.0068,0.9087,37.8
2026-08-24T22:34:25,1.962,119.5,1.0230,0.9087,37.7
2026-08-24T22:34:26,1.963,118.5,1.0110,0.9087,37.7
2026-08-24T22:34:27,1.946,121.8,1.0270,0.9087,37.7
2026-08-24T22:34:28,1.955,114.0,1.0120,0.9086,37.7
2026-08-24T22:34:29,1.951,118.2,1.0167,0.9086,37.8
2026-08-24T22:34:30,1.921,116.1,1.0188,0.9086,37.7
2026-08-24T22:34:31,1.945,116.9,1.0096,0.9086,37.7
2026-08-24T22:34:32,1.951,117.5,1.0166,0.9085,37.7
2026-08-24T22:34:33,1.931,118.0,1.0229,0.9085,37.8
2026-08-24T22:34:34,1.907,114.6,1.0208,0.9085,37.8
2026-08-24T22:34:35,1.937,118.0,0.9937,0.9085,37.7
2026-08-24T22:34:36,1.894,122.3,1.0119,0.9085,37.8
2026-08-24T22:34:37,1.929,115.0,1.0234,0.9084,37.8
2026-08-24T22:34:38,1.891,116.5,1.0048,0.9084,37.8
2026-08-24T22:34:39,1.904,120.9,1.0074,0.9084,37.9
2026-08-24T22:34:40,1.905,123.9,1.0129,0.9084,37.9
2026-08-24T22:34:41,1.873,122.1,1.0054,0.9084,37.9
2026-08-24T22:34:42,1.874,121.0,0.9956,0.9083,37.9
2026-08-24T22:34:43,1.882,118.3,1.0021,0.9083,37.9
2026-08-24T22:34:44,1.899,115.7,1.0065,0.9083,37.9
2026-08-24T22:34:45,1.890,123.2,1.0033,0.9083,37.9
2026-08-24T22:34:46,1.871,123.4,1.0217,0.9083,37.9
2026-08-24T22:34:47,1.860,119.5,1.0201,0.9082,37.9
2026-08-24T22:34:48,1.854,122.2,1.0064,0.9082,38.0
2026-08-24T22:34:49,1.848,117.6,1.0259,0.9082,38.0
2026-08-24T22:34:50,1.855,118.1,1.0061,0.9082,38.0
2026-08-24T22:34:51,1.829,123.1,1.0150,0.9082,38.0
2026-08-24T22:34:52,1.859,124.0,1.0299,0.9081,38.0
2026-08-24T22:34:53,1.868,122.8,1.0039,0.9081,38.1
2026-08-24T22:34:54,1.822,118.6,1.0315,0.9081,38.1
2026-08-24T22:34:55,1.826,123.1,1.0124,0.9081,38.1
2026-08-24T22:34:56,1.820,119.4,1.0303,0.9081,38.1
2026-08-24T22:34:57,1.838,122.7,1.0080,0.9080,38.2
2026-08-24T22:34:58,1.806,115.5,1.0177,0.9080,38.2
2026-08-24T22:34:59,1.826,124.0,0.9979,0.9080,38.2
2026-08-24T22:35:00,1.835,123.3,1.0134,0.9080,38.2
2026-08-24T22:35:01,1.809,123.7,1.0025,0.9080,38.2
2026-08-24T22:35:02,1.827,122.8,1.0066,0.9079,38.2
2026-08-24T22:35:03,1.835,117.3,1.0118,0.9079,38.2
2026-08-24T22:35:04,1.835,116.4,1.0052,0.9079,38.2
2026-08-24T22:35:05,1.801,120.5,0.9974,0.9079,38.2
2026-08-24T22:35:06,1.796,117.2,1.0222,0.9079,38.2
2026-08-24T22:35:07,1.832,115.4,1.0229,0.9078,38.2
2026-08-24T22:35:08,1.825,120.4,1.0052,0.9078,38.3
2026-08-24T22:35:09,1.825,120.6,0.9963,0.9078,38.3
2026-08-24T22:35:10,1.796,118.4,1.0202,0.9078,38.4
2026-08-24T22:35:11,1.821,126.2,1.0282,0.9078,38.4
2026-08-24T22:35:12,1.822,122.3,1.0312,0.9077,38.4
2026-08-24T22:35:13,1.798,125.3,1.0008,0.9077,38.5
2026-08-24T22:35:14,1.810,115.7,1.0209,0.9077,38.5
2026-08-24T22:35:15,1.795,125.6,0.9949,0.9077,38.4
2026-08-24T22:35:16,1.786,126.7,0.9999,0.9077,38.5
2026-08-24T22:35:17,1.824,120.3,1.0079,0.9076,38.5
2026-08-24T22:35:18,1.777,125.4,1.0126,0.9076,38.6
2026-08-24T22:35:19,1.818,117.5,1.0146,0.9076,38.6
2026-08-24T22:35:20,1.794,123.1,1.0276,0.9076,38.6
2026-08-24T22:35:21,1.805,118.7,1.0212,0.9076,38.7
2026-08-24T22:35:22,1.806,123.7,1.0250,0.9075,38.6
2026-08-24T22:35:23,1.810,124.6,1.0223,0.9075,38.7
2026-08-24T22:35:24,1.819,125.5,1.0374,0.9075,38.7
2026-08-24T22:35:25,1.782,120.7,1.0119,0.9075,38.8
2026-08-24T22:35:26,1.816,120.7,1.0209,0.9075,38.8
2026-08-24T22:35:27,1.824,122.7,1.0035,0.9074,38.7
2026-08-24T22:35:28,1.785,118.4,1.0215,0.9074,38.7
2026-08-24T22:35:29,1.784,128.3,1.0150,0.9074,38.7
2026-08-24T22:35:30,1.817,127.8,1.0190,0.9074,38.7
2026-08-24T22:35:31,1.795,123.9,0.9964,0.9074,38.7
2026-08-24T22:35:32,1.819,125.5,1.0129,0.9073,38.7
2026-08-24T22:35:33,1.825,117.3,1.0100,0.9073,38.8
2026-08-24T22:35:34,1.813,127.9,1.0163,0.9073,38.8
2026-08-24T22:35:35,1.803,125.8,1.0287,0.9073,38.9
2026-08-24T22:35:36,1.815,118.1,1.0146,0.9073,38.9
2026-08-24T22:35:37,1.799,118.6,1.0179,0.9072,38.8
2026-08-24T22:35:38,1.821,126.7,1.0225,0.9072,38.8
2026-08-24T22:35:39,1.810,119.9,0.9962,0.9072,38.8
2026-08-24T22:35:40,1.830,127.5,1.0092,0.9072,38.8
2026-08-24T22:35:41,1.844,118.4,1.0171,0.9072,38.8
2026-08-24T22:35:42,1.852,119.5,0.9964,0.9071,38.8
2026-08-24T22:35:43,1.849,128.4,1.0225,0.9071,38.8
2026-08-24T22:35:44,1.850,126.0,1.0319,0.9071,38.8
2026-08-24T22:35:45,1.812,128.6,1.0200,0.9071,38.8
2026-08-24T22:35:46,1.855,128.7,1.0167,0.9071,38.8
2026-08-24T22:35:47,1.834,119.0,1.0333,0.9070,38.9
2026-08-24T22:35:48,1.825,130.0,1.0032,0.9070,38.8
2026-08-24T22:35:49,1.832,123.4,1.0119,0.9070,38.8
2026-08-24T22:35:50,1.864,118.4,1.0283,0.9070,38.8
2026-08-24T22:35:51,1.833,121.0,1.0229,0.9070,38.8
2026-08-24T22:35:52,1.879,125.5,1.0188,0.9070,38.9
2026-08-24T22:35:53,1.861,122.8,1.0135,0.9069,38.8
2026-08-24T22:35:54,1.851,119.5,1.0185,0.9069,38.9
2026-08-24T22:35:55,1.855,122.6,1.0181,0.9069,38.9
2026-08-24T22:35:56,1.856,120.5,1.0110,0.9069,38.9
2026-08-24T22:35:57,1.886,127.9,1.0211,0.9068,38.9
2026-08-24T22:35:58,1.896,127.8,1.0072,0.9068,38.9
2026-08-24T22:35:59,1.897,129.4,1.0134,0.9068,38.9
2026-08-24T22:36:00,1.896,124.0,1.0031,0.9068,38.9
2026-08-24T22:36:01,1.913,122.3,1.0028,0.9068,38.9
2026-08-24T22:36:02,1.876,125.3,1.0310,0.9067,38.9
2026-08-24T22:36:03,1.910,121.0,1.0095,0.9067,38.9
2026-08-24T22:36:04,1.899,117.4,1.0114,0.9067,38.9
2026-08-24T22:36:05,1.908,121.1,1.0018,0.9067,38.9
2026-08-24T22:36:06,1.939,130.2,1.0219,0.9067,38.9
2026-08-24T22:36:07,1.944,125.5,1.0177,0.9066,38.8
2026-08-24T22:36:08,1.945,128.3,1.0091,0.9066,38.8
2026-08-24T22:36:09,1.907,119.4,1.0139,0.9066,38.8
2026-08-24T22:36:10,1.937,122.3,1.0160,0.9066,38.8
2026-08-24T22:36:11,1.921,129.4,1.0213,0.9066,38.8
2026-08-24T22:36:12,1.939,127.9,1.0135,0.9065,38.8
2026-08-24T22:36:13,1.954,124.9,1.0388,0.9065,38.8
2026-08-24T22:36:14,1.949,124.5,1.0304,0.9065,38.8
2026-08-24T22:36:15,1.961,118.7,1.0243,0.9065,38.7
2026-08-24T22:36:16,1.970,128.0,1.0352,0.9065,38.7
2026-08-24T22:36:17,1.971,119.4,1.0131,0.9064,38.7
2026-08-24T22:36:18,1.981,131.0,1.0173,0.9064,38.7
2026-08-24T22:36:19,1.995,130.8,1.0203,0.9064,38.7
2026-08-24T22:36:20,1.975,126.2,0.9990,0.9064,38.6
2026-08-24T22:36:21,1.981,128.7,0.9986,0.9064,38.6
2026-08-24T22:36:22,2.012,130.0,1.0191,0.9063,38.6
2026-08-24T22:36:23,2.006,128.8,1.0145,0.9063,38.6
2026-08-24T22:36:24,2.030,130.6,1.0112,0.9063,38.6
2026-08-24T22:36:25,2.032,128.0,1.0253,0.9063,38.6
2026-08-24T22:36:26,2.022,120.4,1.0348,0.9063,38.6
2026-08-24T22:36:27,2.006,128.9,1.0252,0.9062,38.6
2026-08-24T22:36:28,2.037,126.2,1.0300,0.9062,38.5
2026-08-24T22:36:29,2.048,121.2,1.0228,0.9062,38.5
2026-08-24T22:36:30,2.048,130.6,1.0271,0.9062,38.4
2026-08-24T22:36:31,2.057,126.7,0.9962,0.9062,38.4
2026-08-24T22:36:32,2.050,122.2,1.0373,0.9061,38.4
2026-08-24T22:36:33,2.059,129.6,1.0122,0.9061,38.3
2026-08-24T22:36:34,2.094,126.2,1.0399,0.9061,38.3
2026-08-24T22:36:35,2.051,120.6,1.0158,0.9061,38.3
2026-08-24T22:36:36,2.074,123.8,1.0194,0.9061,38.3
2026-08-24T22:36:37,2.065,125.4,1.0126,0.9060,38.2
2026-08-24T22:36:38,2.069,125.2,1.0081,0.9060,38.2
2026-08-24T22:36:39,2.103,122.9,1.0338,0.9060,38.2
2026-08-24T22:36:40,3.590,126.7,1.0272,0.9060,38.2
2026-08-24T22:36:41,3.759,128.9,1.0242,0.9060,38.2
2026-08-24T22:36:42,3.522,126.5,1.0038,0.9059,38.2
2026-08-24T22:36:43,3.695,123.0,0.9928,0.9059,38.1
2026-08-24T22:36:44,3.607,131.6,1.0291,0.9059,38.1
2026-08-24T22:36:45,3.733,121.9,0.9960,0.9059,38.0
2026-08-24T22:36:46,3.526,126.5,1.0159,0.9059,38.0
2026-08-24T22:36:47,3.603,122.5,1.0146,0.9058,38.0
2026-08-24T22:36:48,3.771,130.6,1.0240,0.9058,38.0
2026-08-24T22:36:49,3.763,125.7,1.0105,0.9058,38.0
2026-08-24T22:36:50,3.791,122.9,1.0392,0.9058,38.0
2026-08-24T22:36:51,3.738,123.5,1.0285,0.9058,38.0
2026-08-24T22:36:52,3.686,123.2,1.0176,0.9057,38.0
2026-08-24T22:36:53,3.573,125.8,0.9964,0.9057,38.0
2026-08-24T22:36:54,3.723,126.7,1.0254,0.9057,38.0
2026-08-24T22:36:55,3.579,131.8,1.0034,0.9057,38.0
2026-08-24T22:36:56,3.676,122.9,1.0107,0.9057,38.0
2026-08-24T22:36:57,3.800,128.8,1.0137,0.9056,37.9
2026-08-24T22:36:58,3.766,122.3,1.0352,0.9056,38.0
2026-08-24T22:36:59,3.660,122.6,1.0054,0.9056,38.0
2026-08-24T22:37:00,3.678,119.8,1.0005,0.9056,38.0
2026-08-24T22:37:01,3.842,120.8,1.0155,0.9056,38.0
2026-08-24T22:37:02,3.779,126.0,1.0262,0.9055,38.0
2026-08-24T22:37:03,3.837,119.4,1.0148,0.9055,38.0
2026-08-24T22:37:04,3.868,128.0,1.0070,0.9055,38.0
2026-08-24T22:37:05,3.878,121.4,1.0251,0.9055,38.0
2026-08-24T22:37:06,3.663,118.6,1.0339,0.9055,38.0
2026-08-24T22:37:07,3.809,118.5,1.0024,0.9054,38.0
2026-08-24T22:37:08,3.642,123.9,1.0238,0.9054,38.0
2026-08-24T22:37:09,3.749,121.9,1.0129,0.9054,38.0
2026-08-24T22:37:10,3.709,126.0,0.9982,0.9054,38.0
2026-08-24T22:37:11,3.725,129.7,1.0003,0.9054,38.0
2026-08-24T22:37:12,3.926,127.2,1.0061,0.9053,38.1
2026-08-24T22:37:13,3.923,128.6,1.0086,0.9053,38.1
2026-08-24T22:37:14,3.844,126.9,1.0165,0.9053,38.2
2026-08-24T22:37:15,3.749,117.3,1.0263,0.9053,38.2
2026-08-24T22:37:16,3.779,128.0,1.0317,0.9053,38.2
2026-08-24T22:37:17,3.854,118.6,1.0339,0.9052,38.1
2026-08-24T22:37:18,3.788,127.4,1.0246,0.9052,38.1
2026-08-24T22:37:19,3.728,130.0,1.0248,0.9052,38.1
2026-08-24T22:37:20,3.758,119.2,1.0104,0.9052,38.1
2026-08-24T22:37:21,3.736,130.1,1.0230,0.9052,38.1
2026-08-24T22:37:22,3.806,123.9,1.0009,0.9051,38.1
2026-08-24T22:37:23,3.794,125.6,0.9992,0.9051,38.1
2026-08-24T22:37:24,3.705,127.4,1.0285,0.9051,38.1
2026-08-24T22:37:25,3.679,127.0,1.0234,0.9051,38.2
2026-08-24T22:37:26,3.837,129.2,1.0065,0.9051,38.2
2026-08-24T22:37:27,3.869,130.1,1.0293,0.9050,38.2
2026-08-24T22:37:28,3.720,124.3,0.9998,0.9050,38.3
2026-08-24T22:37:29,3.988,125.3,1.0231,0.9050,38.3
2026-08-24T22:37:30,3.793,117.7,1.0415,0.9050,38.3
2026-08-24T22:37:31,3.905,128.8,1.0396,0.9050,38.3
2026-08-24T22:37:32,3.893,129.3,0.9976,0.9049,38.4
2026-08-24T22:37:33,3.864,122.7,1.0091,0.9049,38.4
2026-08-24T22:37:34,3.828,126.9,1.0050,0.9049,38.5
2026-08-24T22:37:35,3.956,118.5,1.0018,0.9049,38.5
2026-08-24T22:37:36,3.853,120.1,1.0193,0.9049,38.6
2026-08-24T22:37:37,3.971,127.0,1.0291,0.9048,38.6
2026-08-24T22:37:38,3.810,126.4,0.9993,0.9048,38.7
2026-08-24T22:37:39,3.753,124.8,1.0287,0.9048,38.7
2026-08-24T22:37:40,3.997,129.6,1.0028,0.9048,38.7
2026-08-24T22:37:41,3.961,115.8,1.0238,0.9048,38.7
2026-08-24T22:37:42,3.987,121.5,1.0132,0.9047,38.7
2026-08-24T22:37:43,4.048,124.4,1.0103,0.9047,38.7
2026-08-24T22:37:44,3.852,118.1,1.0169,0.9047,38.8
2026-08-24T22:37:45,3.776,121.6,1.0208,0.9047,38.8
2026-08-24T22:37:46,3.903,123.1,1.0244,0.9047,38.8
2026-08-24T22:37:47,3.930,120.4,1.0089,0.9046,38.8
2026-08-24T22:37:48,3.798,119.6,1.0223,0.9046,38.8
2026-08-24T22:37:49,4.021,128.4,1.0333,0.9046,38.8
2026-08-24T22:37:50,3.921,118.9,1.0248,0.9046,38.9
2026-08-24T22:37:51,3.930,128.8,1.0268,0.9046,38.9
2026-08-24T22:37:52,3.809,121.2,1.0063,0.9045,39.0
2026-08-24T22:37:53,3.930,118.3,1.0106,0.9045,39.0
2026-08-24T22:37:54,3.748,126.4,1.0043,0.9045,39.0
2026-08-24T22:37:55,4.048,119.1,1.0337,0.9045,39.1
2026-08-24T22:37:56,3.955,124.5,1.0262,0.9045,39.2
2026-08-24T22:37:57,4.046,115.8,1.0325,0.9045,39.2
2026-08-24T22:37:58,3.962,120.0,1.0092,0.9044,39.3
2026-08-24T22:37:59,3.834,124.3,1.0130,0.9044,39.2
2026-08-24T22:38:00,3.736,122.0,1.0077,0.9044,39.2
2026-08-24T22:38:01,3.909,123.5,1.0289,0.9044,39.3
2026-08-24T22:38:02,3.801,128.6,1.0156,0.9044,39.3
2026-08-24T22:38:03,3.986,119.5,1.0289,0.9043,39.3
2026-08-24T22:38:04,3.869,127.5,1.0163,0.9043,39.3
2026-08-24T22:38:05,3.983,121.6,1.0359,0.9043,39.3
2026-08-24T22:38:06,3.945,127.6,1.0029,0.9043,39.4
2026-08-24T22:38:07,3.920,119.5,1.0123,0.9043,39.4
2026-08-24T22:38:08,3.807,124.2,1.0042,0.9042,39.4
2026-08-24T22:38:09,3.962,124.1,1.0052,0.9042,39.5
2026-08-24T22:38:10,3.823,125.1,1.0328,0.9042,39.5
2026-08-24T22:38:11,3.877,123.7,1.0105,0.9042,39.5
2026-08-24T22:38:12,3.979,122.4,1.0163,0.9042,39.5
2026-08-24T22:38:13,4.008,116.4,1.0288,0.9041,39.6
2026-08-24T22:38:14,3.781,124.4,1.0273,0.9041,39.7
2026-08-24T22:38:15,3.994,115.7,1.0136,0.9041,39.7
2026-08-24T22:38:16,3.814,123.0,1.0193,0.9041,39.8
2026-08-24T22:38:17,4.001,118.9,1.0050,0.9041,39.7
2026-08-24T22:38:18,3.805,116.6,1.0284,0.9040,39.7
2026-08-24T22:38:19,3.952,117.0,1.0251,0.9040,39.8
2026-08-24T22:38:20,4.012,116.4,1.0101,0.9040,39.8
2026-08-24T22:38:21,3.746,121.0,1.0109,0.9040,39.8
2026-08-24T22:38:22,4.011,123.9,1.0142,0.9039,39.8
2026-08-24T22:38:23,3.929,117.0,1.0137,0.9039,39.8
2026-08-24T22:38:24,3.760,126.1,1.0114,0.9039,39.8
2026-08-24T22:38:25,3.917,113.1,1.0273,0.9039,39.8
2026-08-24T22:38:26,3.729,115.8,1.0399,0.9039,39.8
2026-08-24T22:38:27,3.784,124.0,1.0075,0.9039,39.9
2026-08-24T22:38:28,3.990,120.0,1.0326,0.9038,39.9
2026-08-24T22:38:29,3.963,120.7,1.0052,0.9038,39.9
2026-08-24T22:38:30,3.784,122.3,1.0380,0.9038,39.9
2026-08-24T22:38:31,3.915,124.2,1.0375,0.9038,39.9
2026-08-24T22:38:32,3.743,121.4,1.0276,0.9038,39.9
2026-08-24T22:38:33,3.843,111.9,1.0129,0.9037,39.9
2026-08-24T22:38:34,3.724,115.2,1.0240,0.9037,39.9
2026-08-24T22:38:35,3.731,120.2,1.0228,0.9037,39.8
2026-08-24T22:38:36,3.834,113.0,1.0316,0.9037,39.9
2026-08-24T22:38:37,3.891,114.7,0.9923,0.9037,39.9
2026-08-24T22:38:38,3.922,117.8,1.0064,0.9036,39.9
2026-08-24T22:38:39,3.811,123.9,1.0115,0.9036,39.9
2026-08-24T22:38:40,3.836,120.8,1.0157,0.9036,39.9
2026-08-24T22:38:41,3.759,116.3,1.0224,0.9036,40.0
2026-08-24T22:38:42,3.675,116.8,1.0276,0.9036,39.9
2026-08-24T22:38:43,3.755,121.3,1.0226,0.9035,40.0
2026-08-24T22:38:44,3.650,123.2,1.0095,0.9035,40.0
2026-08-24T22:38:45,3.893,114.0,1.0009,0.9035,39.9
2026-08-24T22:38:46,3.834,123.3,1.0130,0.9035,39.9
2026-08-24T22:38:47,3.803,118.8,1.0248,0.9035,39.9
2026-08-24T22:38:48,3.694,121.4,1.0263,0.9034,39.9
2026-08-24T22:38:49,3.831,124.8,1.0218,0.9034,39.9
2026-08-24T22:38:50,3.805,114.9,1.0123,0.9034,39.9
2026-08-24T22:38:51,3.874,113.5,1.0035,0.9034,39.9
2026-08-24T22:38:52,3.851,113.0,1.0149,0.9034,39.9
2026-08-24T22:38:53,3.719,121.6,1.0041,0.9033,39.9
2026-08-24T22:38:54,3.868,110.2,1.0178,0.9033,40.0
2026-08-24T22:38:55,3.684,120.0,1.0372,0.9033,39.9
2026-08-24T22:38:56,3.615,120.9,1.0211,0.9033,39.9
2026-08-24T22:38:57,3.699,122.8,1.0288,0.9033,40.0
2026-08-24T22:38:58,3.640,111.9,1.0220,0.9032,40.0
2026-08-24T22:38:59,3.609,117.5,1.0310,0.9032,40.0
2026-08-24T22:39:00,3.595,119.2,1.0116,0.9032,40.0
2026-08-24T22:39:01,3.774,114.9,1.0254,0.9032,40.0
2026-08-24T22:39:02,3.539,123.8,1.0150,0.9032,40.0
2026-08-24T22:39:03,3.705,120.1,1.0082,0.9031,39.9
2026-08-24T22:39:04,3.759,115.5,1.0159,0.9031,39.9
2026-08-24T22:39:05,3.743,109.6,1.0086,0.9031,39.9
2026-08-24T22:39:06,3.677,110.4,1.0310,0.9031,39.9
2026-08-24T22:39:07,3.515,117.3,1.0178,0.9031,39.9
2026-08-24T22:39:08,3.491,116.8,1.0050,0.9030,39.8
2026-08-24T22:39:09,3.770,115.5,1.0085,0.9030,39.8
2026-08-24T22:39:10,3.707,121.7,1.0374,0.9030,39.8
2026-08-24T22:39:11,3.660,114.4,1.0283,0.9030,39.8
2026-08-24T22:39:12,3.780,110.1,1.0150,0.9030,39.8
2026-08-24T22:39:13,3.704,123.9,1.0452,0.9029,39.7
2026-08-24T22:39:14,3.553,121.6,1.0104,0.9029,39.7
2026-08-24T22:39:15,3.520,123.0,1.0392,0.9029,39.8
2026-08-24T22:39:16,3.700,123.0,1.0125,0.9029,39.8
2026-08-24T22:39:17,3.723,121.3,1.0088,0.9029,39.7
2026-08-24T22:39:18,3.590,121.1,1.0292,0.9028,39.8
2026-08-24T22:39:19,3.524,122.7,1.0271,0.9028,39.8
2026-08-24T22:39:20,3.560,118.6,1.0393,0.9028,39.7
2026-08-24T22:39:21,3.473,114.4,1.0230,0.9028,39.8
2026-08-24T22:39:22,3.608,110.3,1.0056,0.9028,39.8
2026-08-24T22:39:23,3.437,116.1,1.0128,0.9027,39.8
2026-08-24T22:39:24,3.603,109.7,1.0230,0.9027,39.9
2026-08-24T22:39:25,3.683,122.5,1.0011,0.9027,39.8
2026-08-24T22:39:26,3.649,120.8,1.0292,0.9027,39.8
2026-08-24T22:39:27,3.579,118.9,0.9961,0.9027,39.8
2026-08-24T22:39:28,3.549,121.5,1.0140,0.9026,39.8
2026-08-24T22:39:29,3.442,121.0,1.0085,0.9026,39.8
2026-08-24T22:39:30,3.660,118.0,1.0099,0.9026,39.8
2026-08-24T22:39:31,3.411,116.9,1.0097,0.9026,39.8
2026-08-24T22:39:32,3.572,122.8,1.0148,0.9026,39.8
2026-08-24T22:39:33,3.421,112.1,1.0338,0.9025,39.8
2026-08-24T22:39:34,3.623,121.9,1.0297,0.9025,39.8
2026-08-24T22:39:35,3.322,111.5,1.0244,0.9025,39.8
2026-08-24T22:39:36,3.547,122.6,1.0299,0.9025,39.8
2026-08-24T22:39:37,3.620,117.7,1.0331,0.9025,39.8
2026-08-24T22:39:38,3.322,118.7,1.0158,0.9024,39.8
2026-08-24T22:39:39,3.520,117.8,1.0092,0.9024,39.8
2026-08-24T22:39:40,3.523,112.2,1.0207,0.9024,39.8
2026-08-24T22:39:41,3.366,109.6,1.0105,0.9024,39.8
2026-08-24T22:39:42,3.391,109.8,1.0032,0.9024,39.9
2026-08-24T22:39:43,3.567,109.6,1.0354,0.9023,39.9
2026-08-24T22:39:44,3.307,114.2,1.0148,0.9023,39.9
2026-08-24T22:39:45,3.361,109.2,1.0358,0.9023,39.9
2026-08-24T22:39:46,3.486,116.9,1.0362,0.9023,39.9
2026-08-24T22:39:47,3.341,108.4,1.0291,0.9023,40.0
2026-08-24T22:39:48,3.529,116.6,1.0370,0.9022,40.0
2026-08-24T22:39:49,3.359,119.5,1.0159,0.9022,40.0
2026-08-24T22:39:50,3.417,108.3,1.0235,0.9022,40.0
2026-08-24T22:39:51,3.518,117.4,1.0073,0.9022,40.0
2026-08-24T22:39:52,3.254,114.2,1.0135,0.9022,40.0
2026-08-24T22:39:53,3.501,119.5,1.0092,0.9021,40.0
2026-08-24T22:39:54,3.295,117.8,1.0325,0.9021,40.1
2026-08-24T22:39:55,3.263,117.6,1.0010,0.9021,40.2
2026-08-24T22:39:56,3.462,118.0,1.0280,0.9021,40.2
2026-08-24T22:39:57,3.512,115.7,1.0244,0.9021,40.2
2026-08-24T22:39:58,3.363,109.1,1.0145,0.9020,40.2
2026-08-24T22:39:59,3.424,120.7,1.0250,0.9020,40.3
2026-08-24T22:40:00,1.849,116.0,1.0380,0.9020,40.2
2026-08-24T22:40:01,1.856,113.6,1.0396,0.9020,40.2
2026-08-24T22:40:02,1.839,122.3,1.0237,0.9020,40.3
2026-08-24T22:40:03,1.863,109.3,1.0330,0.9019,40.3
2026-08-24T22:40:04,1.867,109.6,1.0035,0.9019,40.3
2026-08-24T22:40:05,1.837,120.5,1.0218,0.9019,40.3
2026-08-24T22:40:06,1.858,113.1,1.0219,0.9019,40.2
2026-08-24T22:40:07,1.863,109.5,1.0298,0.9018,40.3
2026-08-24T22:40:08,1.843,117.9,1.0204,0.9018,40.2
2026-08-24T22:40:09,1.840,115.5,1.0333,0.9018,40.2
2026-08-24T22:40:10,1.824,116.8,1.0116,0.9018,40.2
2026-08-24T22:40:11,1.850,113.8,1.0234,0.9018,40.2
2026-08-24T22:40:12,1.825,107.3,1.0277,0.9018,40.2
2026-08-24T22:40:13,1.827,108.0,0.9983,0.9017,40.2
2026-08-24T22:40:14,1.802,118.1,1.0143,0.9017,40.2
2026-08-24T22:40:15,1.822,108.6,1.0040,0.9017,40.1
2026-08-24T22:40:16,1.800,111.9,1.0315,0.9017,40.1
2026-08-24T22:40:17,1.799,121.1,1.0165,0.9017,40.1
2026-08-24T22:40:18,1.801,118.5,1.0289,0.9016,40.1
2026-08-24T22:40:19,1.814,119.8,1.0446,0.9016,40.1
2026-08-24T22:40:20,1.790,110.8,1.0123,0.9016,40.1
2026-08-24T22:40:21,1.804,109.4,1.0408,0.9016,40.1
2026-08-24T22:40:22,1.806,121.3,1.0031,0.9016,40.1
2026-08-24T22:40:23,1.801,118.7,1.0170,0.9015,40.1
2026-08-24T22:40:24,1.815,111.4,1.0365,0.9015,40.1
2026-08-24T22:40:25,1.792,109.0,1.0260,0.9015,40.1
2026-08-24T22:40:26,1.828,110.6,1.0297,0.9015,40.1
2026-08-24T22:40:27,1.797,121.8,1.0084,0.9015,40.1
2026-08-24T22:40:28,1.814,110.8,1.0116,0.9014,40.1
2026-08-24T22:40:29,1.780,121.1,1.0118,0.9014,40.1
2026-08-24T22:40:30,1.778,114.9,1.0170,0.9014,40.1
2026-08-24T22:40:31,1.806,109.7,1.0246,0.9014,40.1
2026-08-24T22:40:32,1.796,119.4,1.0383,0.9014,40.0
2026-08-24T22:40:33,1.823,108.9,1.0316,0.9013,40.1
2026-08-24T22:40:34,1.810,119.6,1.0214,0.9013,40.1
2026-08-24T22:40:35,1.801,121.5,1.0037,0.9013,40.1
2026-08-24T22:40:36,1.791,111.8,1.0419,0.9013,40.0
2026-08-24T22:40:37,1.823,108.3,1.0291,0.9013,40.0
2026-08-24T22:40:38,1.792,119.0,1.0093,0.9012,40.0
2026-08-24T22:40:39,1.790,118.4,1.0010,0.9012,40.0
2026-08-24T22:40:40,1.786,116.0,1.0118,0.9012,40.0
2026-08-24T22:40:41,1.794,116.5,1.0399,0.9012,40.0
2026-08-24T22:40:42,1.819,117.2,1.0086,0.9012,40.0
2026-08-24T22:40:43,1.799,117.1,1.0075,0.9011,40.0
2026-08-24T22:40:44,1.814,122.3,1.0352,0.9011,40.0
2026-08-24T22:40:45,1.830,118.9,1.0151,0.9011,40.0
2026-08-24T22:40:46,1.804,108.2,1.0058,0.9011,40.0
2026-08-24T22:40:47,1.811,113.9,1.0118,0.9011,40.0
2026-08-24T22:40:48,1.825,109.9,1.0207,0.9010,40.1
2026-08-24T22:40:49,1.822,117.2,1.0063,0.9010,40.1
2026-08-24T22:40:50,1.835,117.9,1.0100,0.9010,40.2
2026-08-24T22:40:51,1.838,115.8,1.0362,0.9010,40.1
2026-08-24T22:40:52,1.828,113.3,1.0398,0.9010,40.2
2026-08-24T22:40:53,1.811,114.8,1.0363,0.9009,40.2
2026-08-24T22:40:54,1.813,117.6,1.0178,0.9009,40.2
2026-08-24T22:40:55,1.847,116.7,1.0149,0.9009,40.2
2026-08-24T22:40:56,1.815,115.2,1.0142,0.9009,40.2
2026-08-24T22:40:57,1.852,117.4,1.0080,0.9008,40.2
2026-08-24T22:40:58,1.817,121.4,1.0011,0.9008,40.2
2026-08-24T22:40:59,1.842,113.4,1.0122,0.9008,40.2
2026-08-24T22:41:00,1.814,112.6,1.0205,0.9008,40.2
2026-08-24T22:41:01,1.848,116.8,1.0376,0.9008,40.2
2026-08-24T22:41:02,1.830,119.8,1.0121,0.9007,40.2
2026-08-24T22:41:03,1.860,123.6,1.0298,0.9007,40.1
2026-08-24T22:41:04,1.848,123.4,1.0228,0.9007,40.1
2026-08-24T22:41:05,1.833,122.6,1.0321,0.9007,40.1
2026-08-24T22:41:06,1.834,112.6,1.0141,0.9007,40.1
2026-08-24T22:41:07,1.860,118.6,1.0032,0.9006,40.1
2026-08-24T22:41:08,1.852,113.7,1.0228,0.9006,40.1
2026-08-24T22:41:09,1.884,121.2,1.0157,0.9006,40.1
2026-08-24T22:41:10,1.894,116.4,1.0428,0.9006,40.0
2026-08-24T22:41:11,1.875,110.7,1.0240,0.9006,40.0
2026-08-24T22:41:12,1.902,122.3,1.0067,0.9005,39.9
2026-08-24T22:41:13,1.891,115.6,1.0302,0.9005,39.9
2026-08-24T22:41:14,1.902,115.3,0.9920,0.9005,39.9
2026-08-24T22:41:15,1.878,115.5,1.0148,0.9005,39.9
2026-08-24T22:41:16,1.917,115.5,1.0191,0.9005,39.9
2026-08-24T22:41:17,1.884,115.4,1.0047,0.9005,39.9
2026-08-24T22:41:18,1.892,116.9,1.0407,0.9004,39.9
2026-08-24T22:41:19,1.919,117.0,1.0304,0.9004,39.9
2026-08-24T22:41:20,1.892,124.8,1.0049,0.9004,39.9
2026-08-24T22:41:21,1.924,119.1,1.0037,0.9004,39.8
2026-08-24T22:41:22,1.906,123.0,1.0310,0.9003,39.8
2026-08-24T22:41:23,1.907,116.6,1.0237,0.9003,39.7
2026-08-24T22:41:24,1.910,124.3,1.0211,0.9003,39.7
2026-08-24T22:41:25,1.929,123.9,1.0028,0.9003,39.6
2026-08-24T22:41:26,1.966,114.5,1.0309,0.9003,39.6
2026-08-24T22:41:27,1.955,111.3,1.0234,0.9002,39.6
2026-08-24T22:41:28,1.966,122.5,1.0376,0.9002,39.6
2026-08-24T22:41:29,1.945,119.3,1.0264,0.9002,39.6
2026-08-24T22:41:30,1.962,114.3,1.0175,0.9002,39.6
2026-08-24T22:41:31,1.953,120.4,1.0188,0.9002,39.6
2026-08-24T22:41:32,1.990,110.6,1.0062,0.9001,39.6
2026-08-24T22:41:33,1.995,117.8,1.0172,0.9001,39.6
2026-08-24T22:41:34,1.984,121.7,1.0158,0.9001,39.6
2026-08-24T22:41:35,1.996,126.2,1.0349,0.9001,39.6
2026-08-24T22:41:36,1.977,115.2,1.0192,0.9001,39.6
2026-08-24T22:41:37,2.010,123.5,1.0273,0.9000,39.5
2026-08-24T22:41:38,1.998,120.7,1.0371,0.9000,39.5
2026-08-24T22:41:39,2.022,112.6,1.0034,0.9000,39.5
2026-08-24T22:41:40,2.042,118.5,1.0342,0.9000,39.4
2026-08-24T22:41:41,2.038,121.7,1.0243,0.9000,39.4
2026-08-24T22:41:42,2.049,111.7,0.9967,0.8999,39.4
2026-08-24T22:41:43,2.027,120.1,0.9994,0.8999,39.4
2026-08-24T22:41:44,2.021,114.4,0.9961,0.8999,39.4
2026-08-24T22:41:45,2.026,121.9,1.0214,0.8999,39.3
2026-08-24T22:41:46,2.065,115.2,1.0074,0.8999,39.3
2026-08-24T22:41:47,2.042,122.9,1.0216,0.8998,39.3
2026-08-24T22:41:48,2.063,114.1,1.0141,0.8998,39.3
2026-08-24T22:41:49,2.097,112.6,1.0215,0.8998,39.3
2026-08-24T22:41:50,2.062,117.9,0.9978,0.8998,39.2
2026-08-24T22:41:51,2.084,121.1,1.0329,0.8998,39.2
2026-08-24T22:41:52,2.117,126.6,1.0272,0.8997,39.2
2026-08-24T22:41:53,2.103,124.8,1.0432,0.8997,39.1
2026-08-24T22:41:54,2.113,118.8,1.0076,0.8997,39.0
2026-08-24T22:41:55,2.134,119.0,1.0276,0.8997,39.0
2026-08-24T22:41:56,2.104,118.0,1.0407,0.8997,38.9
2026-08-24T22:41:57,2.118,113.7,1.0058,0.8996,38.9
2026-08-24T22:41:58,2.137,127.3,1.0291,0.8996,38.9
2026-08-24T22:41:59,2.152,114.5,1.0010,0.8996,38.8
2026-08-24T22:42:00,2.130,122.7,1.0081,0.8996,38.8
2026-08-24T22:42:01,2.161,120.9,1.0186,0.8996,38.8
2026-08-24T22:42:02,2.175,122.5,1.0250,0.8995,38.7
2026-08-24T22:42:03,2.160,119.1,1.0219,0.8995,38.7
2026-08-24T22:42:04,2.149,123.3,1.0361,0.8995,38.7
2026-08-24T22:42:05,2.169,120.0,1.0120,0.8995,38.6
2026-08-24T22:42:06,2.192,121.8,1.0055,0.8995,38.6
2026-08-24T22:42:07,2.187,128.6,1.0187,0.8994,38.6
2026-08-24T22:42:08,2.193,123.3,1.0012,0.8994,38.6
2026-08-24T22:42:09,2.178,122.1,1.0131,0.8994,38.6
2026-08-24T22:42:10,2.210,118.8,1.0198,0.8994,38.5
2026-08-24T22:42:11,2.197,121.7,1.0358,0.8994,38.5
2026-08-24T22:42:12,2.207,117.6,1.0280,0.8993,38.5
2026-08-24T22:42:13,2.202,122.3,1.0290,0.8993,38.5
2026-08-24T22:42:14,2.210,120.0,1.0297,0.8993,38.5
2026-08-24T22:42:15,2.213,115.9,1.0156,0.8993,38.5
2026-08-24T22:42:16,2.222,126.1,1.0164,0.8993,38.4
2026-08-24T22:42:17,2.253,120.8,1.0364,0.8992,38.4
2026-08-24T22:42:18,2.237,123.3,1.0247,0.8992,38.4
2026-08-24T22:42:19,2.237,115.8,1.0360,0.8992,38.5
2026-08-24T22:42:20,2.278,129.8,1.0074,0.8992,38.4
2026-08-24T22:42:21,2.259,123.9,1.0009,0.8991,38.4
2026-08-24T22:42:22,2.248,127.6,1.0039,0.8991,38.5
2026-08-24T22:42:23,2.284,124.4,1.0241,0.8991,38.4
2026-08-24T22:42:24,2.294,123.6,1.0492,0.8991,38.4
2026-08-24T22:42:25,2.291,124.2,1.0451,0.8991,38.4
2026-08-24T22:42:26,2.261,118.4,1.0296,0.8990,38.4
2026-08-24T22:42:27,2.273,125.6,1.0046,0.8990,38.4
2026-08-24T22:42:28,2.309,119.5,1.0292,0.8990,38.4
2026-08-24T22:42:29,2.283,118.5,1.0389,0.8990,38.3
2026-08-24T22:42:30,2.279,121.9,1.0464,0.8990,38.4
2026-08-24T22:42:31,2.305,121.5,1.0213,0.8989,38.4
2026-08-24T22:42:32,2.300,117.6,1.0288,0.8989,38.4
2026-08-24T22:42:33,2.290,119.9,1.0088,0.8989,38.4
2026-08-24T22:42:34,2.335,122.8,1.0297,0.8989,38.4
2026-08-24T22:42:35,2.345,128.4,1.0284,0.8989,38.4
2026-08-24T22:42:36,2.317,116.5,1.0324,0.8988,38.4
2026-08-24T22:42:37,2.317,117.6,1.0126,0.8988,38.4
2026-08-24T22:42:38,2.322,123.6,0.9998,0.8988,38.4
2026-08-24T22:42:39,2.323,116.7,1.0374,0.8988,38.4
2026-08-24T22:42:40,2.321,128.3,1.0225,0.8988,38.4
2026-08-24T22:42:41,2.333,131.2,1.0117,0.8987,38.5
2026-08-24T22:42:42,2.357,120.8,1.0264,0.8987,38.5
2026-08-24T22:42:43,2.335,118.4,1.0136,0.8987,38.4
2026-08-24T22:42:44,2.354,120.7,1.0402,0.8987,38.5
2026-08-24T22:42:45,2.373,126.6,1.0050,0.8987,38.5
2026-08-24T22:42:46,2.347,116.0,0.9958,0.8986,38.5
2026-08-24T22:42:47,2.372,121.1,1.0463,0.8986,38.6
2026-08-24T22:42:48,2.343,125.8,1.0246,0.8986,38.6
2026-08-24T22:42:49,2.385,121.1,1.0030,0.8986,38.6
2026-08-24T22:42:50,2.358,123.1,1.0240,0.8986,38.6
2026-08-24T22:42:51,2.386,123.7,1.0236,0.8985,38.6
2026-08-24T22:42:52,2.361,123.2,1.0073,0.8985,38.6
2026-08-24T22:42:53,2.395,124.2,0.9970,0.8985,38.6
2026-08-24T22:42:54,2.389,126.1,1.0106,0.8985,38.6
2026-08-24T22:42:55,2.381,128.4,0.9991,0.8985,38.6
2026-08-24T22:42:56,2.393,124.3,1.0304,0.8984,38.6
2026-08-24T22:42:57,2.366,130.0,1.0217,0.8984,38.7
2026-08-24T22:42:58,2.406,124.3,0.9966,0.8984,38.7
2026-08-24T22:42:59,2.374,129.0,1.0271,0.8984,38.7
2026-08-24T22:43:00,2.409,118.5,1.0141,0.8984,38.8
2026-08-24T22:43:01,2.371,128.4,1.0218,0.8983,38.7
2026-08-24T22:43:02,2.399,124.4,1.0194,0.8983,38.8
2026-08-24T22:43:03,2.397,119.2,1.0145,0.8983,38.8
2026-08-24T22:43:04,2.383,125.6,1.0272,0.8983,38.8
2026-08-24T22:43:05,2.385,117.6,1.0282,0.8983,38.8
2026-08-24T22:43:06,2.382,119.5,1.0280,0.8982,38.8
2026-08-24T22:43:07,2.409,132.0,1.0255,0.8982,38.9
2026-08-24T22:43:08,2.389,125.9,1.0334,0.8982,38.9
2026-08-24T22:43:09,2.399,130.1,0.9946,0.8982,38.9
2026-08-24T22:43:10,2.420,116.5,1.0025,0.8982,39.0
2026-08-24T22:43:11,2.401,131.8,1.0382,0.8981,39.0
2026-08-24T22:43:12,2.413,123.3,1.0270,0.8981,39.0
2026-08-24T22:43:13,2.407,120.5,1.0440,0.8981,39.1
2026-08-24T22:43:14,2.384,122.8,1.0196,0.8981,39.1
2026-08-24T22:43:15,2.414,120.5,1.0018,0.8981,39.1
2026-08-24T22:43:16,2.402,126.5,0.9987,0.8980,39.1
2026-08-24T22:43:17,2.421,117.6,1.0414,0.8980,39.1
2026-08-24T22:43:18,2.390,119.0,1.0004,0.8980,39.2
2026-08-24T22:43:19,2.417,130.3,1.0078,0.8980,39.2
2026-08-24T22:43:20,2.379,125.6,1.0049,0.8977,39.2
2026-08-24T22:43:21,2.389,128.9,1.0270,0.8973,39.2
2026-08-24T22:43:22,2.397,116.7,1.0272,0.8970,39.2
2026-08-24T22:43:23,2.394,117.7,1.0415,0.8967,39.2
2026-08-24T22:43:24,2.412,122.0,1.0197,0.8964,39.3
2026-08-24T22:43:25,2.390,131.2,1.0017,0.8961,39.3
2026-08-24T22:43:26,2.387,126.7,1.0133,0.8957,39.3
2026-08-24T22:43:27,2.386,127.0,1.0181,0.8954,39.3
2026-08-24T22:43:28,2.368,132.7,1.0479,0.8951,39.3
2026-08-24T22:43:29,2.372,124.9,1.0083,0.8948,39.3
2026-08-24T22:43:30,2.377,125.5,1.0378,0.8945,39.3
2026-08-24T22:43:31,2.363,132.8,0.9971,0.8941,39.3
2026-08-24T22:43:32,2.389,131.2,1.0150,0.8938,39.3
2026-08-24T22:43:33,2.398,117.3,1.0122,0.8935,39.4
2026-08-24T22:43:34,2.360,132.9,1.0457,0.8932,39.4
2026-08-24T22:43:35,2.374,122.9,1.0233,0.8929,39.4
2026-08-24T22:43:36,2.366,123.8,1.0313,0.8925,39.4
2026-08-24T22:43:37,2.363,127.1,1.0373,0.8922,39.4
2026-08-24T22:43:38,2.375,128.4,1.0106,0.8919,39.4
2026-08-24T22:43:39,2.369,125.5,1.0041,0.8916,39.4
2026-08-24T22:43:40,2.355,122.8,1.0195,0.8912,39.4
2026-08-24T22:43:41,2.354,124.0,1.0233,0.8909,39.4
2026-08-24T22:43:42,2.351,118.7,1.0227,0.8906,39.4
2026-08-24T22:43:43,2.350,126.7,0.9931,0.8903,39.5
2026-08-24T22:43:44,2.362,128.1,1.0283,0.8900,39.4
2026-08-24T22:43:45,2.329,127.6,1.0028,0.8896,39.4
2026-08-24T22:43:46,2.345,128.5,1.0302,0.8893,39.4
2026-08-24T22:43:47,2.353,126.6,1.0161,0.8890,39.4
2026-08-24T22:43:48,2.317,128.0,1.0093,0.8887,39.4
2026-08-24T22:43:49,2.321,132.5,1.0278,0.8884,39.4
2026-08-24T22:43:50,2.299,130.4,1.0314,0.8880,39.4
2026-08-24T22:43:51,2.324,128.4,1.0213,0.8877,39.4
2026-08-24T22:43:52,2.311,122.8,1.0131,0.8874,39.4
2026-08-24T22:43:53,2.324,127.7,1.0290,0.8871,39.4
2026-08-24T22:43:54,2.304,123.2,1.0053,0.8868,39.4
2026-08-24T22:43:55,2.292,125.7,1.0109,0.8864,39.4
2026-08-24T22:43:56,2.299,127.1,1.0213,0.8861,39.4
2026-08-24T22:43:57,2.273,129.1,1.0256,0.8858,39.5
2026-08-24T22:43:58,2.268,122.0,1.0272,0.8855,39.4
2026-08-24T22:43:59,2.251,131.9,1.0044,0.8852,39.4
2026-08-24T22:44:00,2.252,125.5,1.0349,0.8848,39.4
2026-08-24T22:44:01,2.289,121.7,1.0182,0.8845,39.4
2026-08-24T22:44:02,2.263,131.2,0.9975,0.8842,39.4
2026-08-24T22:44:03,2.231,119.1,1.0357,0.8839,39.4
2026-08-24T22:44:04,2.270,119.4,1.0207,0.8835,39.3
2026-08-24T22:44:05,2.264,119.7,1.0133,0.8832,39.3
2026-08-24T22:44:06,2.222,122.5,1.0193,0.8829,39.3
2026-08-24T22:44:07,2.220,121.1,1.0220,0.8826,39.2
2026-08-24T22:44:08,2.233,130.0,1.0240,0.8823,39.1
2026-08-24T22:44:09,2.235,131.9,1.0324,0.8819,39.1
2026-08-24T22:44:10,2.223,126.0,1.0456,0.8816,39.1
2026-08-24T22:44:11,2.211,123.7,1.0348,0.8813,39.1
2026-08-24T22:44:12,2.212,122.2,1.0180,0.8810,39.1
2026-08-24T22:44:13,2.222,121.9,1.0273,0.8807,39.1
2026-08-24T22:44:14,2.209,129.3,1.0124,0.8803,39.0
2026-08-24T22:44:15,2.186,124.7,1.0182,0.8800,39.0
2026-08-24T22:44:16,2.209,123.6,1.0211,0.8797,39.0
2026-08-24T22:44:17,2.204,128.8,1.0084,0.8794,39.0
2026-08-24T22:44:18,2.184,119.1,1.0143,0.8791,39.0
2026-08-24T22:44:19,2.175,117.9,1.0343,0.8787,39.0
2026-08-24T22:44:20,2.153,130.6,1.0225,0.8784,39.0
2026-08-24T22:44:21,2.135,117.8,1.0117,0.8781,38.9
2026-08-24T22:44:22,2.172,120.5,1.0227,0.8778,38.9
2026-08-24T22:44:23,2.156,118.3,1.0149,0.8775,38.9
2026-08-24T22:44:24,2.127,128.9,1.0250,0.8771,38.8
2026-08-24T22:44:25,2.129,128.0,1.0204,0.8768,38.8
2026-08-24T22:44:26,2.127,123.1,1.0109,0.8765,38.8
2026-08-24T22:44:27,2.115,119.4,1.0179,0.8762,38.7
2026-08-24T22:44:28,2.124,119.1,0.9992,0.8759,38.6
2026-08-24T22:44:29,2.083,124.1,0.9996,0.8755,38.6
2026-08-24T22:44:30,2.088,125.7,1.0131,0.8752,38.5
2026-08-24T22:44:31,2.120,122.7,1.0241,0.8749,38.5
2026-08-24T22:44:32,2.084,117.4,1.0410,0.8746,38.5
2026-08-24T22:44:33,2.103,117.7,1.0223,0.8743,38.5
2026-08-24T22:44:34,2.062,126.1,1.0210,0.8739,38.4
2026-08-24T22:44:35,2.090,129.2,0.9974,0.8736,38.4
2026-08-24T22:44:36,2.069,129.8,1.0150,0.8733,38.4
2026-08-24T22:44:37,2.036,128.0,1.0307,0.8730,38.4
2026-08-24T22:44:38,2.039,125.1,1.0239,0.8727,38.4
2026-08-24T22:44:39,2.046,130.7,1.0008,0.8723,38.4
2026-08-24T22:44:40,2.048,123.0,1.0210,0.8720,38.3
2026-08-24T22:44:41,2.056,119.8,1.0268,0.8717,38.3
2026-08-24T22:44:42,2.030,122.8,1.0289,0.8714,38.3
2026-08-24T22:44:43,2.029,119.4,1.0336,0.8711,38.3
2026-08-24T22:44:44,2.001,119.9,1.0473,0.8707,38.3
2026-08-24T22:44:45,2.003,121.2,1.0192,0.8704,38.3
2026-08-24T22:44:46,2.022,121.6,1.0056,0.8701,38.3
2026-08-24T22:44:47,2.003,126.2,1.0256,0.8698,38.2
2026-08-24T22:44:48,1.978,124.1,1.0349,0.8695,38.2
2026-08-24T22:44:49,1.978,119.1,1.0282,0.8691,38.2
2026-08-24T22:44:50,1.990,124.7,1.0335,0.8688,38.2
2026-08-24T22:44:51,2.003,127.7,1.0237,0.8685,38.2
2026-08-24T22:44:52,1.953,121.0,1.0448,0.8682,38.2
2026-08-24T22:44:53,1.951,120.1,1.0136,0.8679,38.2
2026-08-24T22:44:54,1.944,115.5,1.0201,0.8675,38.2
2026-08-24T22:44:55,1.938,120.3,1.0305,0.8672,38.2
2026-08-24T22:44:56,1.933,129.4,1.0117,0.8669,38.2
2026-08-24T22:44:57,1.969,119.3,1.0197,0.8666,38.2
2026-08-24T22:44:58,1.962,117.9,1.0245,0.8663,38.2
2026-08-24T22:44:59,1.939,124.7,1.0364,0.8659,38.1
2026-08-24T22:45:00,1.937,116.4,1.0142,0.8656,38.1
2026-08-24T22:45:01,1.936,120.0,1.0113,0.8653,38.1
2026-08-24T22:45:02,1.919,122.7,1.0406,0.8650,38.2
2026-08-24T22:45:03,1.919,118.9,1.0238,0.8647,38.1
2026-08-24T22:45:04,1.927,120.6,1.0231,0.8643,38.1
2026-08-24T22:45:05,1.884,115.1,1.0202,0.8640,38.1
2026-08-24T22:45:06,1.911,116.1,0.9908,0.8637,38.1
2026-08-24T22:45:07,1.897,117.1,1.0245,0.8634,38.1
2026-08-24T22:45:08,1.911,114.2,1.0200,0.8631,38.1
2026-08-24T22:45:09,1.891,125.2,1.0236,0.8627,38.1
2026-08-24T22:45:10,1.864,123.5,1.0336,0.8624,38.1
2026-08-24T22:45:11,1.901,116.5,1.0240,0.8621,38.1
2026-08-24T22:45:12,1.896,117.4,1.0155,0.8618,38.1
2026-08-24T22:45:13,1.851,121.8,0.9967,0.8615,38.1
2026-08-24T22:45:14,1.869,122.5,1.0321,0.8611,38.1
2026-08-24T22:45:15,1.877,113.3,1.0212,0.8608,38.1
2026-08-24T22:45:16,1.845,119.8,1.0433,0.8605,38.1
2026-08-24T22:45:17,1.859,117.7,1.0067,0.8602,38.0
2026-08-24T22:45:18,1.880,122.5,1.0136,0.8599,38.1
2026-08-24T22:45:19,1.869,115.3,1.0281,0.8595,38.1
2026-08-24T22:45:20,1.837,113.5,0.9984,0.8592,38.1
2026-08-24T22:45:21,1.834,122.4,1.0056,0.8589,38.2
2026-08-24T22:45:22,1.825,121.3,1.0219,0.8586,38.2
2026-08-24T22:45:23,1.819,125.0,1.0142,0.8583,38.2
2026-08-24T22:45:24,1.855,119.2,1.0359,0.8579,38.2
2026-08-24T22:45:25,1.820,119.2,1.0166,0.8576,38.2
2026-08-24T22:45:26,1.830,126.6,1.0288,0.8573,38.2
2026-08-24T22:45:27,1.838,124.5,1.0020,0.8570,38.2
2026-08-24T22:45:28,1.829,112.5,1.0111,0.8567,38.3
2026-08-24T22:45:29,1.808,119.5,1.0147,0.8563,38.3
2026-08-24T22:45:30,1.810,121.2,1.0436,0.8560,38.3
2026-08-24T22:45:31,1.820,118.2,1.0016,0.8557,38.3
2026-08-24T22:45:32,1.838,120.7,1.0226,0.8554,38.4
2026-08-24T22:45:33,1.836,118.8,0.9961,0.8551,38.4
2026-08-24T22:45:34,1.832,119.9,1.0144,0.8547,38.4
2026-08-24T22:45:35,1.818,123.2,1.0390,0.8544,38.4
2026-08-24T22:45:36,1.804,111.1,1.0171,0.8541,38.4
2026-08-24T22:45:37,1.832,115.2,1.0256,0.8538,38.4
2026-08-24T22:45:38,1.821,123.3,0.9945,0.8535,38.4
2026-08-24T22:45:39,1.815,114.0,1.0055,0.8531,38.4
2026-08-24T22:45:40,1.787,117.2,1.0325,0.8528,38.4
2026-08-24T22:45:41,1.821,126.6,1.0111,0.8525,38.4
2026-08-24T22:45:42,1.798,121.3,1.0244,0.8522,38.4
2026-08-24T22:45:43,1.825,112.6,1.0201,0.8519,38.5
2026-08-24T22:45:44,1.812,111.0,0.9949,0.8515,38.5
2026-08-24T22:45:45,1.800,121.8,0.9980,0.8512,38.5
2026-08-24T22:45:46,1.790,119.7,1.0220,0.8509,38.5
2026-08-24T22:45:47,1.784,115.0,1.0205,0.8506,38.5
2026-08-24T22:45:48,1.775,112.8,1.0097,0.8503,38.5
2026-08-24T22:45:49,1.824,122.4,1.0261,0.8499,38.5
2026-08-24T22:45:50,1.819,116.2,1.0378,0.8496,38.5
2026-08-24T22:45:51,1.779,110.0,0.9941,0.8493,38.6
2026-08-24T22:45:52,1.800,117.4,1.0081,0.8490,38.6
2026-08-24T22:45:53,1.818,111.7,1.0094,0.8487,38.6
2026-08-24T22:45:54,1.809,110.8,1.0137,0.8483,38.6
2026-08-24T22:45:55,1.804,122.7,1.0312,0.8480,38.7
2026-08-24T22:45:56,1.794,123.5,1.0354,0.8477,38.7
2026-08-24T22:45:57,1.790,119.7,1.0347,0.8474,38.7
2026-08-24T22:45:58,1.826,120.1,1.0076,0.8471,38.8
2026-08-24T22:45:59,1.824,111.3,1.0375,0.8467,38.8
2026-08-24T22:46:00,1.802,119.3,1.0044,0.8464,38.8
2026-08-24T22:46:01,1.796,111.4,1.0129,0.8461,38.8
2026-08-24T22:46:02,1.801,120.9,1.0298,0.8458,38.9
2026-08-24T22:46:03,1.820,119.0,1.0030,0.8455,38.9
2026-08-24T22:46:04,1.806,122.7,1.0479,0.8451,38.8
2026-08-24T22:46:05,1.802,123.4,1.0101,0.8448,38.9
2026-08-24T22:46:06,1.828,115.4,1.0242,0.8445,38.8
2026-08-24T22:46:07,1.835,123.3,1.0269,0.8442,38.8
2026-08-24T22:46:08,1.831,120.1,1.0305,0.8439,38.8
2026-08-24T22:46:09,1.830,110.7,1.0113,0.8435,38.9
2026-08-24T22:46:10,1.802,114.4,1.0088,0.8432,38.9
2026-08-24T22:46:11,1.805,123.6,1.0204,0.8429,38.9
2026-08-24T22:46:12,1.819,117.2,1.0085,0.8426,38.9
2026-08-24T22:46:13,1.830,111.0,1.0116,0.8423,38.9
2026-08-24T22:46:14,1.820,114.4,1.0025,0.8419,38.9
2026-08-24T22:46:15,1.843,113.2,1.0040,0.8416,38.9
2026-08-24T22:46:16,1.847,117.8,1.0395,0.8413,38.9
2026-08-24T22:46:17,1.848,121.8,1.0327,0.8410,38.9
2026-08-24T22:46:18,1.865,123.2,1.0049,0.8407,38.9
2026-08-24T22:46:19,1.851,124.2,1.0159,0.8403,38.9
2026-08-24T22:46:20,1.859,122.0,1.0293,0.8400,39.0
2026-08-24T22:46:21,1.837,120.6,1.0115,0.8397,38.9
2026-08-24T22:46:22,1.863,118.3,1.0235,0.8394,39.0
2026-08-24T22:46:23,1.882,112.1,0.9979,0.8391,39.0
2026-08-24T22:46:24,1.878,117.8,1.0337,0.8387,39.0
2026-08-24T22:46:25,1.888,122.3,1.0332,0.8384,39.0
2026-08-24T22:46:26,1.889,121.0,1.0416,0.8381,39.0
2026-08-24T22:46:27,1.864,118.1,1.0062,0.8378,39.0
2026-08-24T22:46:28,1.885,120.0,1.0467,0.8375,38.9
2026-08-24T22:46:29,1.891,115.7,1.0403,0.8371,38.9
2026-08-24T22:46:30,1.886,112.2,1.0135,0.8368,38.9
2026-08-24T22:46:31,1.914,112.2,1.0246,0.8365,38.9
2026-08-24T22:46:32,1.880,108.7,1.0140,0.8362,38.9
2026-08-24T22:46:33,1.905,111.9,1.0129,0.8359,38.9
2026-08-24T22:46:34,1.915,120.7,1.0227,0.8355,38.9
2026-08-24T22:46:35,1.936,113.8,1.0204,0.8352,38.8
2026-08-24T22:46:36,1.936,122.3,1.0195,0.8349,38.8
2026-08-24T22:46:37,1.913,111.1,1.0091,0.8346,38.8
2026-08-24T22:46:38,1.939,112.3,0.9916,0.8343,38.7
2026-08-24T22:46:39,1.954,115.5,1.0315,0.8339,38.7
2026-08-24T22:46:40,1.963,117.7,1.0101,0.8336,38.7
2026-08-24T22:46:41,1.960,116.2,1.0061,0.8333,38.7
2026-08-24T22:46:42,1.959,110.6,1.0159,0.8330,38.6
2026-08-24T22:46:43,1.979,117.7,1.0332,0.8327,38.6
2026-08-24T22:46:44,1.975,117.1,1.0197,0.8323,38.6
2026-08-24T22:46:45,1.951,109.3,1.0202,0.8320,38.6
2026-08-24T22:46:46,1.999,120.9,1.0016,0.8317,38.6
2026-08-24T22:46:47,1.986,121.8,1.0328,0.8314,38.6
2026-08-24T22:46:48,1.979,108.5,1.0149,0.8311,38.6
2026-08-24T22:46:49,2.002,111.4,1.0183,0.8307,38.5
2026-08-24T22:46:50,1.988,114.8,1.0363,0.8304,38.6
2026-08-24T22:46:51,1.988,114.6,1.0168,0.8301,38.6
2026-08-24T22:46:52,2.012,114.0,1.0307,0.8298,38.5
2026-08-24T22:46:53,2.037,121.6,1.0086,0.8295,38.5
2026-08-24T22:46:54,2.039,108.8,1.0266,0.8291,38.5
2026-08-24T22:46:55,2.035,108.6,1.0231,0.8288,38.6
2026-08-24T22:46:56,2.007,108.6,1.0348,0.8285,38.6
2026-08-24T22:46:57,2.032,116.0,1.0328,0.8282,38.5
2026-08-24T22:46:58,2.040,120.1,1.0155,0.8278,38.5
2026-08-24T22:46:59,2.057,107.5,1.0170,0.8275,38.5
2026-08-24T22:47:00,2.039,111.0,0.9978,0.8272,38.5
2026-08-24T22:47:01,2.038,121.4,1.0154,0.8269,38.5
2026-08-24T22:47:02,2.092,113.6,1.0299,0.8266,38.4
2026-08-24T22:47:03,2.050,115.3,1.0332,0.8263,38.4
2026-08-24T22:47:04,2.059,109.1,1.0153,0.8259,38.3
2026-08-24T22:47:05,2.073,109.8,1.0046,0.8256,38.3
2026-08-24T22:47:06,2.076,110.5,1.0257,0.8253,38.2
2026-08-24T22:47:07,2.094,121.5,1.0251,0.8250,38.2
2026-08-24T22:47:08,2.079,117.6,1.0246,0.8247,38.2
2026-08-24T22:47:09,2.131,119.5,1.0200,0.8243,38.2
2026-08-24T22:47:10,2.093,116.6,1.0350,0.8240,38.1
2026-08-24T22:47:11,2.145,113.3,1.0045,0.8237,38.2
2026-08-24T22:47:12,2.112,108.6,1.0208,0.8234,38.1
2026-08-24T22:47:13,2.115,116.9,1.0176,0.8231,38.1
2026-08-24T22:47:14,2.127,113.9,1.0216,0.8227,38.1
2026-08-24T22:47:15,2.166,112.1,1.0372,0.8224,38.1
2026-08-24T22:47:16,2.153,120.1,1.0033,0.8221,38.1
2026-08-24T22:47:17,2.132,116.0,1.0325,0.8218,38.0
2026-08-24T22:47:18,2.183,111.1,1.0376,0.8215,38.0
2026-08-24T22:47:19,2.157,108.9,1.0199,0.8211,38.0
2026-08-24T22:47:20,2.160,120.3,1.0325,0.8208,37.9
2026-08-24T22:47:21,2.190,107.8,1.0291,0.8205,37.9
2026-08-24T22:47:22,2.187,114.6,1.0304,0.8202,37.9
2026-08-24T22:47:23,2.190,116.3,1.0244,0.8199,37.8
2026-08-24T22:47:24,2.212,108.4,1.0372,0.8195,37.8
2026-08-24T22:47:25,2.181,111.8,1.0021,0.8192,37.8
2026-08-24T22:47:26,2.229,113.3,1.0165,0.8189,37.7
2026-08-24T22:47:27,2.220,121.0,1.0059,0.8186,37.8
2026-08-24T22:47:28,2.231,114.1,1.0271,0.8183,37.8
2026-08-24T22:47:29,2.246,112.6,1.0113,0.8179,37.8
2026-08-24T22:47:30,2.237,118.7,0.9942,0.8176,37.8
2026-08-24T22:47:31,2.239,112.3,1.0240,0.8173,37.8
2026-08-24T22:47:32,2.238,120.1,1.0216,0.8170,37.7
2026-08-24T22:47:33,2.233,123.1,1.0363,0.8167,37.7
2026-08-24T22:47:34,2.268,118.8,1.0314,0.8163,37.7
2026-08-24T22:47:35,2.250,121.8,1.0302,0.8160,37.8
2026-08-24T22:47:36,2.249,121.7,1.0147,0.8157,37.7
2026-08-24T22:47:37,2.279,123.0,1.0181,0.8154,37.7
2026-08-24T22:47:38,2.293,119.7,1.0036,0.8151,37.7
2026-08-24T22:47:39,2.292,112.9,1.0031,0.8147,37.7
2026-08-24T22:47:40,2.270,109.7,1.0346,0.8144,37.7
2026-08-24T22:47:41,2.277,116.4,1.0049,0.8141,37.6
2026-08-24T22:47:42,2.301,115.5,1.0319,0.8138,37.6
2026-08-24T22:47:43,2.317,117.7,1.0362,0.8135,37.6
2026-08-24T22:47:44,2.308,115.8,1.0229,0.8131,37.6
2026-08-24T22:47:45,2.282,121.1,1.0205,0.8128,37.7
2026-08-24T22:47:46,2.324,114.7,1.0170,0.8125,37.7
2026-08-24T22:47:47,2.296,119.5,1.0278,0.8122,37.7
2026-08-24T22:47:48,2.314,115.2,1.0272,0.8119,37.7
2026-08-24T22:47:49,2.341,111.8,1.0032,0.8115,37.7
2026-08-24T22:47:50,2.331,112.7,1.0134,0.8112,37.7
2026-08-24T22:47:51,2.323,119.9,1.0162,0.8109,37.7
2026-08-24T22:47:52,2.341,115.8,0.9988,0.8106,37.8
2026-08-24T22:47:53,2.327,123.9,1.0084,0.8103,37.8
2026-08-24T22:47:54,2.357,114.2,1.0167,0.8099,37.8
2026-08-24T22:47:55,2.333,110.0,1.0097,0.8096,37.9
2026-08-24T22:47:56,2.357,123.4,1.0237,0.8093,37.9
2026-08-24T22:47:57,2.363,122.1,1.0404,0.8090,38.0
2026-08-24T22:47:58,2.368,121.2,1.0019,0.8087,37.9
2026-08-24T22:47:59,2.363,121.4,0.9958,0.8083,38.0
2026-08-24T22:48:00,2.379,118.3,1.0135,0.8080,38.0
2026-08-24T22:48:01,2.382,113.6,1.0337,0.8077,37.9
2026-08-24T22:48:02,2.364,123.9,1.0141,0.8074,38.0
2026-08-24T22:48:03,2.368,122.8,1.0162,0.8071,37.9
2026-08-24T22:48:04,2.386,112.1,0.9967,0.8067,38.0
2026-08-24T22:48:05,2.387,121.8,1.0357,0.8064,38.0
2026-08-24T22:48:06,2.390,109.9,1.0142,0.8061,38.0
2026-08-24T22:48:07,2.380,118.9,1.0080,0.8058,37.9
2026-08-24T22:48:08,2.385,115.3,0.9982,0.8055,38.0
2026-08-24T22:48:09,2.361,117.4,1.0324,0.8051,38.0
2026-08-24T22:48:10,2.378,113.8,1.0415,0.8048,38.0
2026-08-24T22:48:11,2.405,122.5,1.0304,0.8045,38.0
2026-08-24T22:48:12,2.399,112.4,1.0459,0.8042,38.1
2026-08-24T22:48:13,2.381,117.3,1.0058,0.8039,38.1
2026-08-24T22:48:14,2.368,124.6,1.0252,0.8036,38.1
2026-08-24T22:48:15,2.410,111.0,1.0175,0.8032,38.2
2026-08-24T22:48:16,2.396,123.4,1.0143,0.8029,38.2
2026-08-24T22:48:17,2.372,114.1,1.0267,0.8026,38.2
2026-08-24T22:48:18,2.405,114.5,1.0292,0.8023,38.2
2026-08-24T22:48:19,2.380,115.2,1.0462,0.8019,38.2
2026-08-24T22:48:20,2.418,116.2,1.0298,0.8016,38.3
2026-08-24T22:48:21,2.418,111.6,0.9989,0.8013,38.3
2026-08-24T22:48:22,2.403,115.3,1.0165,0.8010,38.4
2026-08-24T22:48:23,2.400,121.4,1.0265,0.8007,38.3
2026-08-24T22:48:24,2.392,113.3,1.0277,0.8004,38.4
2026-08-24T22:48:25,2.402,120.1,1.0198,0.8000,38.4
2026-08-24T22:48:26,2.409,117.7,1.0115,0.7997,38.4
2026-08-24T22:48:27,2.413,122.5,1.0060,0.7994,38.5
2026-08-24T22:48:28,2.400,123.1,1.0024,0.7991,38.5
2026-08-24T22:48:29,2.380,116.3,1.0352,0.7988,38.5
2026-08-24T22:48:30,2.407,124.0,1.0456,0.7984,38.6
2026-08-24T22:48:31,2.416,115.8,1.0274,0.7981,38.6
2026-08-24T22:48:32,2.403,115.1,1.0088,0.7978,38.6
2026-08-24T22:48:33,2.420,123.0,1.0359,0.7975,38.7
2026-08-24T22:48:34,2.393,116.2,1.0214,0.7972,38.7
2026-08-24T22:48:35,2.391,124.8,1.0341,0.7968,38.6
2026-08-24T22:48:36,2.391,114.5,1.0086,0.7965,38.7
2026-08-24T22:48:37,2.383,115.4,1.0283,0.7962,38.7
2026-08-24T22:48:38,2.414,117.6,1.0341,0.7959,38.7
2026-08-24T22:48:39,2.400,124.2,1.0318,0.7956,38.8
2026-08-24T22:48:40,2.399,120.9,1.0153,0.7952,38.7
2026-08-24T22:48:41,2.371,116.8,1.0387,0.7949,38.8
2026-08-24T22:48:42,2.409,112.2,1.0126,0.7946,38.8
2026-08-24T22:48:43,2.383,123.1,1.0180,0.7943,38.8
2026-08-24T22:48:44,2.388,124.4,1.0174,0.7940,38.8
2026-08-24T22:48:45,2.379,120.7,1.0286,0.7936,38.9
2026-08-24T22:48:46,2.371,115.9,1.0181,0.7933,38.8
2026-08-24T22:48:47,2.399,117.9,1.0043,0.7930,38.8
2026-08-24T22:48:48,2.388,114.3,1.0344,0.7927,38.8
2026-08-24T22:48:49,2.380,125.5,1.0058,0.7924,38.8
2026-08-24T22:48:50,2.370,116.2,1.0311,0.7920,38.8
2026-08-24T22:48:51,2.378,115.4,1.0353,0.7917,38.9
2026-08-24T22:48:52,2.381,114.3,1.0268,0.7914,38.9
2026-08-24T22:48:53,2.338,123.7,1.0248,0.7911,39.0
2026-08-24T22:48:54,2.345,115.0,1.0429,0.7907,38.9
2026-08-24T22:48:55,2.350,123.0,1.0231,0.7904,38.9
2026-08-24T22:48:56,2.360,118.7,1.0258,0.7901,38.9
2026-08-24T22:48:57,2.342,125.7,0.9963,0.7898,38.9
2026-08-24T22:48:58,2.326,124.3,1.0489,0.7895,38.9
2026-08-24T22:48:59,2.327,118.4,1.0145,0.7891,38.9
2026-08-24T22:49:00,2.353,126.4,1.0370,0.7888,39.0
2026-08-24T22:49:01,2.308,118.9,1.0336,0.7885,38.9
2026-08-24T22:49:02,2.344,113.9,1.0087,0.7882,39.0
2026-08-24T22:49:03,2.337,123.2,1.0146,0.7879,38.9
2026-08-24T22:49:04,2.328,114.4,1.0292,0.7875,38.9
2026-08-24T22:49:05,2.331,117.8,0.9987,0.7872,38.9
2026-08-24T22:49:06,2.330,117.9,1.0407,0.7869,38.9
2026-08-24T22:49:07,2.308,121.4,1.0310,0.7866,38.9
2026-08-24T22:49:08,2.276,126.7,1.0169,0.7863,38.9
2026-08-24T22:49:09,2.310,124.2,1.0298,0.7859,38.9
2026-08-24T22:49:10,2.307,124.2,1.0202,0.7856,38.9
2026-08-24T22:49:11,2.311,117.5,1.0033,0.7853,38.8
2026-08-24T22:49:12,2.293,129.5,1.0190,0.7850,38.8
2026-08-24T22:49:13,2.301,121.4,1.0291,0.7847,38.8
2026-08-24T22:49:14,2.282,113.4,1.0158,0.7843,38.8
2026-08-24T22:49:15,2.265,114.8,1.0259,0.7840,38.8
2026-08-24T22:49:16,2.282,127.0,1.0155,0.7837,38.8
2026-08-24T22:49:17,2.269,126.9,1.0121,0.7834,38.9
2026-08-24T22:49:18,2.246,119.7,1.0326,0.7831,38.8
2026-08-24T22:49:19,2.253,122.1,1.0193,0.7827,38.8
2026-08-24T22:49:20,2.263,120.1,1.0067,0.7824,38.8
2026-08-24T22:49:21,2.230,123.9,1.0084,0.7821,38.8
2026-08-24T22:49:22,2.247,124.7,1.0134,0.7818,38.8
2026-08-24T22:49:23,2.212,128.0,1.0417,0.7815,38.8
2026-08-24T22:49:24,2.240,119.8,1.0208,0.7811,38.8
2026-08-24T22:49:25,2.234,113.9,1.0258,0.7808,38.8
2026-08-24T22:49:26,2.210,116.1,1.0211,0.7805,38.8
2026-08-24T22:49:27,2.211,123.5,1.0256,0.7802,38.8
2026-08-24T22:49:28,2.197,119.8,1.0098,0.7799,38.7
2026-08-24T22:49:29,2.185,129.0,1.0152,0.7795,38.7
2026-08-24T22:49:30,2.176,117.0,1.0211,0.7792,38.7
2026-08-24T22:49:31,2.193,120.2,1.0201,0.7789,38.7
2026-08-24T22:49:32,2.184,126.3,1.0196,0.7786,38.6
2026-08-24T22:49:33,2.171,121.8,1.0100,0.7783,38.6
2026-08-24T22:49:34,2.160,127.9,1.0189,0.7779,38.6
2026-08-24T22:49:35,2.175,126.4,1.0341,0.7776,38.6
2026-08-24T22:49:36,2.144,120.4,1.0176,0.7773,38.5
2026-08-24T22:49:37,2.138,126.8,1.0291,0.7770,38.4
2026-08-24T22:49:38,2.154,121.0,1.0233,0.7767,38.4
2026-08-24T22:49:39,2.126,124.8,1.0364,0.7763,38.4
2026-08-24T22:49:40,2.112,118.7,1.0031,0.7760,38.4
2026-08-24T22:49:41,2.118,121.5,1.0448,0.7757,38.4
2026-08-24T22:49:42,2.133,128.2,1.0323,0.7754,38.3
2026-08-24T22:49:43,2.104,123.9,1.0216,0.7751,38.3
2026-08-24T22:49:44,2.084,122.6,1.0161,0.7747,38.3
2026-08-24T22:49:45,2.089,118.0,1.0333,0.7744,38.3
2026-08-24T22:49:46,2.086,129.2,1.0299,0.7741,38.3
2026-08-24T22:49:47,2.109,129.4,1.0110,0.7738,38.2
2026-08-24T22:49:48,2.092,118.6,1.0334,0.7735,38.2
2026-08-24T22:49:49,2.083,117.3,1.0032,0.7731,38.2
2026-08-24T22:49:50,2.075,127.0,1.0171,0.7728,38.1
2026-08-24T22:49:51,2.082,117.7,1.0465,0.7725,38.1
2026-08-24T22:49:52,2.038,123.1,1.0405,0.7722,38.1
2026-08-24T22:49:53,2.074,123.5,1.0031,0.7719,38.1
2026-08-24T22:49:54,2.029,121.4,1.0316,0.7716,38.0
2026-08-24T22:49:55,2.040,127.2,1.0168,0.7712,38.0
2026-08-24T22:49:56,2.029,119.8,1.0158,0.7709,38.0
2026-08-24T22:49:57,2.027,128.1,1.0173,0.7706,38.0
2026-08-24T22:49:58,2.021,124.3,1.0244,0.7703,37.9
2026-08-24T22:49:59,2.033,128.8,1.0103,0.7699,37.9
